outer_iter,best_avg,opt_avg
0,6.198491654575344e+147,4.630764056175874e+146
1,1.1640596153775267e+147,4.630764056175873e+146
2,1.1640596153775267e+147,4.630764056175873e+146
3,1.1640596153775267e+147,4.630764056175873e+146
4,6.250903501917148e+146,4.630764056175873e+146
5,6.250903501917148e+146,4.630764056175873e+146
6,6.250903501917148e+146,4.630764056175873e+146
7,6.250903501917148e+146,4.630764056175873e+146
8,4.329470133318247e+146,4.630764056175873e+146
9,2.6427171698825387e+146,4.630764056175873e+146
10,2.6427171698825387e+146,4.630764056175873e+146
11,2.6427171698825387e+146,4.630764056175873e+146
12,2.6427171698825387e+146,4.630764056175873e+146
13,2.6427171698825387e+146,4.630764056175873e+146
14,2.6427171698825387e+146,4.630764056175873e+146
15,2.6427171698825387e+146,4.630764056175873e+146
16,9.433685134955257e+145,4.630764056175873e+146
17,9.433685134955257e+145,4.630764056175873e+146
18,9.433685134955257e+145,4.630764056175873e+146
19,9.433685134955257e+145,4.630764056175873e+146
20,9.433685134955257e+145,4.630764056175873e+146
21,9.433685134955257e+145,4.630764056175873e+146
22,9.433685134955257e+145,2.9804173667631595e+146
23,9.433685134955257e+145,2.9804173667631595e+146
24,9.433685134955257e+145,2.9804173667631595e+146
25,9.433685134955257e+145,2.9804173667631595e+146
26,7.589990110534835e+145,1.0255523529631907e+146
27,7.589990110534835e+145,1.0255523529631907e+146
28,7.47126698399413e+145,1.0255523529631907e+146
29,7.47126698399413e+145,1.0255523529631907e+146
30,7.47126698399413e+145,5.71510361823903e+145
31,5.715103618239031e+145,5.71510361823903e+145
32,2.2411894016724878e+145,5.71510361823903e+145
33,2.0568877802591674e+145,5.71510361823903e+145
34,2.0568877802591674e+145,5.71510361823903e+145
35,2.0568877802591674e+145,5.71510361823903e+145
36,2.0568877802591674e+145,5.71510361823903e+145
37,2.0568877802591674e+145,5.71510361823903e+145
38,2.0568877802591674e+145,5.71510361823903e+145
39,2.0568877802591674e+145,5.71510361823903e+145
40,2.0568877802591674e+145,5.71510361823903e+145
41,2.0568877802591674e+145,5.71510361823903e+145
42,2.0568877802591674e+145,5.71510361823903e+145
43,2.0568877802591674e+145,5.71510361823903e+145
44,2.0568877802591674e+145,5.71510361823903e+145
45,2.0568877802591674e+145,5.71510361823903e+145
46,2.0568877802591674e+145,5.71510361823903e+145
47,2.0568877802591674e+145,5.71510361823903e+145
48,2.012908874354485e+145,5.71510361823903e+145
49,2.012908874354485e+145,5.71510361823903e+145
50,2.012908874354485e+145,5.71510361823903e+145
51,2.012908874354485e+145,5.71510361823903e+145
52,2.012908874354485e+145,5.71510361823903e+145
53,2.012908874354485e+145,5.71510361823903e+145
54,2.012908874354485e+145,4.110802500145766e+145
55,2.012908874354485e+145,4.110802500145766e+145
56,2.012908874354485e+145,4.110802500145766e+145
57,2.012908874354485e+145,4.110802500145766e+145
58,2.012908874354485e+145,4.110802500145766e+145
59,2.012908874354485e+145,2.196403461793869e+145
60,2.012908874354485e+145,2.196403461793869e+145
61,2.012908874354485e+145,2.196403461793869e+145
62,2.012908874354485e+145,1.3257214114855423e+145
63,2.012908874354485e+145,1.3257214114855423e+145
64,2.012908874354485e+145,1.3257214114855423e+145
65,2.012908874354485e+145,9.319611764274157e+144
66,1.0063913652924244e+145,9.319611764274157e+144
67,9.426837352917747e+144,9.319611764274157e+144
68,9.426837352917747e+144,9.319611764274157e+144
69,9.426837352917747e+144,9.319611764274157e+144
70,7.764177449548536e+144,9.319611764274157e+144
71,1.978424965416729e+144,9.319611764274157e+144
72,1.978424965416729e+144,9.319611764274157e+144
73,1.978424965416729e+144,9.319611764274157e+144
74,1.978424965416729e+144,9.319611764274157e+144
75,1.978424965416729e+144,9.319611764274157e+144
76,1.978424965416729e+144,9.319611764274157e+144
77,1.978424965416729e+144,9.319611764274157e+144
78,1.978424965416729e+144,9.319611764274157e+144
79,1.978424965416729e+144,9.319611764274157e+144
80,1.978424965416729e+144,9.319611764274157e+144
81,1.3096923544083871e+144,9.319611764274157e+144
82,1.3096923544083871e+144,9.319611764274157e+144
83,1.3096923544083871e+144,9.319611764274157e+144
84,1.3096923544083871e+144,9.319611764274157e+144
85,1.3096923544083871e+144,9.319611764274157e+144
86,1.3096923544083871e+144,9.319611764274157e+144
87,1.3096923544083871e+144,9.319611764274157e+144
88,1.3096923544083871e+144,9.319611764274157e+144
89,1.3096923544083871e+144,9.319611764274157e+144
90,1.3096923544083871e+144,9.319611764274157e+144
91,1.3096923544083871e+144,9.319611764274157e+144
92,1.3096923544083871e+144,9.319611764274157e+144
93,1.319620698076421e+143,9.319611764274157e+144
94,1.319620698076421e+143,9.319611764274157e+144
95,1.319620698076421e+143,2.4231074257485773e+144
96,1.319620698076421e+143,2.423107425748577e+144
97,1.319620698076421e+143,2.423107425748577e+144
98,1.319620698076421e+143,2.423107425748577e+144
99,1.319620698076421e+143,2.423107425748577e+144
100,1.319620698076421e+143,2.423107425748577e+144
101,1.319620698076421e+143,2.423107425748577e+144
102,1.319620698076421e+143,2.423107425748577e+144
103,1.319620698076421e+143,2.423107425748577e+144
104,1.319620698076421e+143,2.423107425748577e+144
105,1.319620698076421e+143,2.423107425748577e+144
106,1.319620698076421e+143,2.423107425748577e+144
107,1.319620698076421e+143,2.423107425748577e+144
108,1.319620698076421e+143,2.423107425748577e+144
109,1.319620698076421e+143,2.423107425748577e+144
110,1.319620698076421e+143,2.423107425748577e+144
111,1.319620698076421e+143,2.423107425748577e+144
112,1.319620698076421e+143,2.423107425748577e+144
113,1.319620698076421e+143,2.423107425748577e+144
114,1.319620698076421e+143,2.423107425748577e+144
115,1.319620698076421e+143,2.423107425748577e+144
116,1.319620698076421e+143,2.423107425748577e+144
117,1.319620698076421e+143,2.423107425748577e+144
118,1.319620698076421e+143,2.423107425748577e+144
119,1.319620698076421e+143,2.423107425748577e+144
120,1.319620698076421e+143,2.423107425748577e+144
121,1.319620698076421e+143,2.423107425748577e+144
122,1.319620698076421e+143,2.423107425748577e+144
123,1.319620698076421e+143,2.423107425748577e+144
124,1.319620698076421e+143,2.423107425748577e+144
125,1.319620698076421e+143,2.423107425748577e+144
126,1.319620698076421e+143,2.423107425748577e+144
127,1.319620698076421e+143,2.423107425748577e+144
128,1.319620698076421e+143,2.423107425748577e+144
129,1.319620698076421e+143,2.423107425748577e+144
130,1.319620698076421e+143,2.423107425748577e+144
131,1.319620698076421e+143,2.423107425748577e+144
132,1.319620698076421e+143,2.423107425748577e+144
133,1.319620698076421e+143,2.423107425748577e+144
134,1.319620698076421e+143,2.423107425748577e+144
135,1.319620698076421e+143,2.423107425748577e+144
136,1.319620698076421e+143,2.423107425748577e+144
137,1.319620698076421e+143,2.423107425748577e+144
138,1.319620698076421e+143,2.423107425748577e+144
139,1.319620698076421e+143,2.423107425748577e+144
140,1.319620698076421e+143,2.423107425748577e+144
141,1.319620698076421e+143,2.423107425748577e+144
142,1.319620698076421e+143,2.423107425748577e+144
143,1.319620698076421e+143,2.423107425748577e+144
144,1.319620698076421e+143,1.3813259589526326e+144
145,1.319620698076421e+143,1.3813259589526326e+144
146,1.319620698076421e+143,1.3813259589526326e+144
147,1.319620698076421e+143,1.3813259589526326e+144
148,1.319620698076421e+143,1.3813259589526326e+144
149,1.319620698076421e+143,1.3813259589526326e+144
150,1.319620698076421e+143,1.3813259589526326e+144
151,1.319620698076421e+143,1.3813259589526326e+144
152,1.6263372706587138e+142,1.3813259589526326e+144
153,1.6263372706587138e+142,1.3813259589526326e+144
154,1.6263372706587138e+142,1.3813259589526326e+144
155,1.6263372706587138e+142,1.3813259589526326e+144
156,1.6263372706587138e+142,1.3813259589526326e+144
157,1.6263372706587138e+142,1.1319826588267374e+144
158,1.6263372706587138e+142,1.1319826588267374e+144
159,1.6263372706587138e+142,1.1319826588267374e+144
160,1.6263372706587138e+142,1.1319826588267374e+144
161,1.6263372706587138e+142,1.1319826588267374e+144
162,1.6263372706587138e+142,1.1319826588267374e+144
163,1.6263372706587138e+142,1.1319826588267374e+144
164,1.6263372706587138e+142,1.1319826588267374e+144
165,1.6263372706587138e+142,1.1319826588267374e+144
166,1.6263372706587138e+142,1.1319826588267374e+144
167,1.6263372706587138e+142,1.1319826588267374e+144
168,1.6263372706587138e+142,1.1319826588267374e+144
169,1.6263372706587138e+142,1.1319826588267374e+144
170,1.6263372706587138e+142,1.1319826588267374e+144
171,1.6263372706587138e+142,1.1319826588267374e+144
172,1.6263372706587138e+142,1.1319826588267374e+144
173,1.6263372706587138e+142,1.1319826588267374e+144
174,1.6263372706587138e+142,1.1319826588267374e+144
175,1.6263372706587138e+142,1.1319826588267374e+144
176,1.6263372706587138e+142,1.1319826588267374e+144
177,1.6263372706587138e+142,1.1319826588267374e+144
178,1.6263372706587138e+142,1.1319826588267374e+144
179,1.6263372706587138e+142,1.1319826588267374e+144
180,1.6263372706587138e+142,1.1319826588267374e+144
181,1.6263372706587138e+142,1.1319826588267374e+144
182,1.6263372706587138e+142,1.5781807911411827e+143
183,1.6263372706587138e+142,1.5781807911411827e+143
184,1.6263372706587138e+142,1.5781807911411825e+143
185,1.6263372706587138e+142,1.1022220841991055e+143
186,1.6263372706587138e+142,1.1022220841991053e+143
187,1.6263372706587138e+142,1.1022220841991053e+143
188,1.6263372706587138e+142,1.1022220841991053e+143
189,1.6263372706587138e+142,1.1022220841991053e+143
190,1.6263372706587138e+142,1.1022220841991053e+143
191,1.6263372706587138e+142,1.1022220841991053e+143
192,1.6263372706587138e+142,1.1022220841991053e+143
193,1.6263372706587138e+142,1.1022220841991053e+143
194,1.6263372706587138e+142,1.1022220841991053e+143
195,1.6263372706587138e+142,1.1022220841991053e+143
196,1.6263372706587138e+142,1.1022220841991053e+143
197,1.6263372706587138e+142,1.1022220841991053e+143
198,1.6263372706587138e+142,1.1022220841991053e+143
199,1.6263372706587138e+142,1.1022220841991053e+143
200,1.6263372706587138e+142,1.1022220841991053e+143
201,1.6263372706587138e+142,1.1022220841991053e+143
202,1.6263372706587138e+142,1.1022220841991053e+143
203,1.0154639809220815e+142,1.1022220841991053e+143
204,1.0154639809220815e+142,1.1022220841991053e+143
205,1.0154639809220815e+142,1.1022220841991053e+143
206,1.0154639809220815e+142,1.1022220841991053e+143
207,1.0154639809220815e+142,1.1022220841991053e+143
208,1.0154639809220815e+142,1.1022220841991053e+143
209,1.0154639809220815e+142,1.1022220841991053e+143
210,1.0154639809220815e+142,1.1022220841991053e+143
211,1.0154639809220815e+142,1.1022220841991053e+143
212,1.0154639809220815e+142,1.1022220841991053e+143
213,1.0154639809220815e+142,1.1022220841991053e+143
214,1.0154639809220815e+142,1.1022220841991053e+143
215,1.0154639809220815e+142,1.1022220841991053e+143
216,1.0154639809220815e+142,1.1022220841991053e+143
217,1.0154639809220815e+142,1.1022220841991053e+143
218,1.0154639809220815e+142,1.1022220841991053e+143
219,1.0154639809220815e+142,1.1022220841991053e+143
220,1.0154639809220815e+142,1.1022220841991053e+143
221,1.0154639809220815e+142,1.1022220841991053e+143
222,1.0154639809220815e+142,1.1022220841991053e+143
223,1.0154639809220815e+142,1.1022220841991053e+143
224,1.0154639809220815e+142,9.162756361358034e+142
225,1.0154639809220815e+142,9.162756361358034e+142
226,1.0154639809220815e+142,9.162756361358034e+142
227,1.0154639809220815e+142,9.162756361358034e+142
228,1.0154639809220815e+142,9.162756361358034e+142
229,1.0154639809220815e+142,9.162756361358032e+142
230,1.0154639809220815e+142,9.162756361358032e+142
231,1.0154639809220815e+142,9.162756361358032e+142
232,1.0154639809220815e+142,9.162756361358032e+142
233,1.0154639809220815e+142,9.162756361358032e+142
234,1.0154639809220815e+142,9.162756361358032e+142
235,1.0154639809220815e+142,9.162756361358032e+142
236,9.639532045423265e+141,9.162756361358032e+142
237,9.639532045423265e+141,9.162756361358032e+142
238,9.639532045423265e+141,9.162756361358032e+142
239,9.639532045423265e+141,9.162756361358032e+142
240,9.639532045423265e+141,9.162756361358032e+142
241,5.514479928153963e+141,8.015929176227977e+142
242,5.514479928153963e+141,8.015929176227977e+142
243,5.514479928153963e+141,8.015929176227977e+142
244,5.514479928153963e+141,8.015929176227977e+142
245,5.514479928153963e+141,8.015929176227977e+142
246,5.514479928153963e+141,8.015929176227977e+142
247,5.514479928153963e+141,8.015929176227977e+142
248,5.514479928153963e+141,8.015929176227977e+142
249,5.514479928153963e+141,8.015929176227977e+142
250,5.514479928153963e+141,8.015929176227977e+142
251,5.514479928153963e+141,8.015929176227977e+142
252,5.514479928153963e+141,8.015929176227977e+142
253,5.514479928153963e+141,8.015929176227977e+142
254,5.514479928153963e+141,8.015929176227977e+142
255,5.514479928153963e+141,8.015929176227977e+142
256,5.514479928153963e+141,8.015929176227977e+142
257,5.514479928153963e+141,5.689175839154329e+142
258,5.514479928153963e+141,5.689175839154328e+142
259,5.514479928153963e+141,5.689175839154328e+142
260,5.514479928153963e+141,5.689175839154328e+142
261,5.514479928153963e+141,4.988650569557099e+142
262,5.514479928153963e+141,4.988650569557099e+142
263,5.514479928153963e+141,4.988650569557099e+142
264,5.514479928153963e+141,4.988650569557099e+142
265,5.514479928153963e+141,4.988650569557099e+142
266,5.514479928153963e+141,4.988650569557099e+142
267,5.514479928153963e+141,4.988650569557099e+142
268,5.514479928153963e+141,4.988650569557099e+142
269,5.514479928153963e+141,4.988650569557099e+142
270,5.514479928153963e+141,4.988650569557099e+142
271,5.514479928153963e+141,4.988650569557099e+142
272,5.514479928153963e+141,4.988650569557099e+142
273,5.514479928153963e+141,4.988650569557099e+142
274,5.514479928153963e+141,4.988650569557099e+142
275,5.514479928153963e+141,4.988650569557099e+142
276,5.514479928153963e+141,4.988650569557099e+142
277,4.128006595116269e+141,4.988650569557099e+142
278,4.128006595116269e+141,4.988650569557099e+142
279,4.128006595116269e+141,4.988650569557099e+142
280,4.128006595116269e+141,4.988650569557099e+142
281,4.128006595116269e+141,4.988650569557099e+142
282,4.128006595116269e+141,4.988650569557099e+142
283,4.128006595116269e+141,4.988650569557099e+142
284,4.128006595116269e+141,4.988650569557099e+142
285,4.128006595116269e+141,4.988650569557099e+142
286,4.128006595116269e+141,8.4495187457189e+141
287,4.128006595116269e+141,8.4495187457189e+141
288,4.128006595116269e+141,8.4495187457189e+141
289,4.128006595116269e+141,8.4495187457189e+141
290,4.128006595116269e+141,8.4495187457189e+141
291,4.128006595116269e+141,8.4495187457189e+141
292,3.196394275843107e+141,8.4495187457189e+141
293,3.196394275843107e+141,8.4495187457189e+141
294,3.196394275843107e+141,8.4495187457189e+141
295,3.196394275843107e+141,8.4495187457189e+141
296,3.196394275843107e+141,8.4495187457189e+141
297,3.196394275843107e+141,8.4495187457189e+141
298,3.196394275843107e+141,8.4495187457189e+141
299,3.196394275843107e+141,8.4495187457189e+141
300,3.196394275843107e+141,8.4495187457189e+141
301,3.196394275843107e+141,8.4495187457189e+141
302,3.196394275843107e+141,8.4495187457189e+141
303,3.196394275843107e+141,8.4495187457189e+141
304,3.196394275843107e+141,8.4495187457189e+141
305,3.196394275843107e+141,8.4495187457189e+141
306,3.196394275843107e+141,8.4495187457189e+141
307,3.196394275843107e+141,8.4495187457189e+141
308,3.196394275843107e+141,8.4495187457189e+141
309,3.196394275843107e+141,8.4495187457189e+141
310,3.196394275843107e+141,8.4495187457189e+141
311,3.196394275843107e+141,8.4495187457189e+141
312,3.196394275843107e+141,8.4495187457189e+141
313,3.196394275843107e+141,8.4495187457189e+141
314,3.196394275843107e+141,8.4495187457189e+141
315,3.196394275843107e+141,8.4495187457189e+141
316,3.196394275843107e+141,8.4495187457189e+141
317,3.196394275843107e+141,8.4495187457189e+141
318,3.196394275843107e+141,8.4495187457189e+141
319,3.196394275843107e+141,8.4495187457189e+141
320,3.196394275843107e+141,8.4495187457189e+141
321,3.196394275843107e+141,8.4495187457189e+141
322,2.9237900942126623e+141,8.4495187457189e+141
323,2.9237900942126623e+141,8.4495187457189e+141
324,2.9237900942126623e+141,8.4495187457189e+141
325,2.9237900942126623e+141,8.4495187457189e+141
326,2.9237900942126623e+141,8.4495187457189e+141
327,2.9237900942126623e+141,8.4495187457189e+141
328,2.9237900942126623e+141,8.4495187457189e+141
329,2.9237900942126623e+141,8.4495187457189e+141
330,2.9237900942126623e+141,8.4495187457189e+141
331,2.9237900942126623e+141,8.4495187457189e+141
332,2.9237900942126623e+141,8.4495187457189e+141
333,2.9237900942126623e+141,8.4495187457189e+141
334,2.9237900942126623e+141,8.4495187457189e+141
335,2.9237900942126623e+141,8.4495187457189e+141
336,2.9237900942126623e+141,8.4495187457189e+141
337,2.9237900942126623e+141,8.4495187457189e+141
338,2.9237900942126623e+141,8.4495187457189e+141
339,2.9237900942126623e+141,8.4495187457189e+141
340,2.9237900942126623e+141,8.4495187457189e+141
341,2.9237900942126623e+141,8.4495187457189e+141
342,2.9237900942126623e+141,8.4495187457189e+141
343,2.9237900942126623e+141,8.4495187457189e+141
344,2.9237900942126623e+141,8.4495187457189e+141
345,2.9237900942126623e+141,8.4495187457189e+141
346,2.9237900942126623e+141,8.4495187457189e+141
347,2.9237900942126623e+141,8.4495187457189e+141
348,2.9237900942126623e+141,8.4495187457189e+141
349,2.9237900942126623e+141,8.4495187457189e+141
350,2.9237900942126623e+141,8.4495187457189e+141
351,2.9237900942126623e+141,8.4495187457189e+141
352,2.9237900942126623e+141,8.4495187457189e+141
353,2.9237900942126623e+141,8.4495187457189e+141
354,2.9237900942126623e+141,8.4495187457189e+141
355,2.9237900942126623e+141,8.4495187457189e+141
356,2.9237900942126623e+141,8.4495187457189e+141
357,2.9237900942126623e+141,8.4495187457189e+141
358,2.9237900942126623e+141,8.4495187457189e+141
359,2.9237900942126623e+141,8.4495187457189e+141
360,2.9237900942126623e+141,8.4495187457189e+141
361,2.9237900942126623e+141,8.4495187457189e+141
362,2.9237900942126623e+141,8.4495187457189e+141
363,2.9237900942126623e+141,8.4495187457189e+141
364,2.9237900942126623e+141,8.4495187457189e+141
365,2.9237900942126623e+141,8.4495187457189e+141
366,2.9237900942126623e+141,8.4495187457189e+141
367,2.9237900942126623e+141,7.137769097310328e+141
368,2.9237900942126623e+141,7.137769097310328e+141
369,2.9237900942126623e+141,7.137769097310328e+141
370,2.9237900942126623e+141,7.137769097310328e+141
371,2.9237900942126623e+141,7.137769097310328e+141
372,2.9237900942126623e+141,7.137769097310328e+141
373,8.884448620874672e+140,7.137769097310328e+141
374,8.884448620874672e+140,7.137769097310328e+141
375,8.884448620874672e+140,7.137769097310328e+141
376,8.884448620874672e+140,7.137769097310328e+141
377,8.290495712237548e+140,7.137769097310328e+141
378,8.290495712237548e+140,7.137769097310328e+141
379,8.290495712237548e+140,7.137769097310328e+141
380,8.290495712237548e+140,7.137769097310328e+141
381,8.290495712237548e+140,7.137769097310328e+141
382,8.290495712237548e+140,6.032152201258788e+141
383,8.290495712237548e+140,6.032152201258788e+141
384,8.290495712237548e+140,6.032152201258788e+141
385,8.290495712237548e+140,6.032152201258788e+141
386,8.290495712237548e+140,6.032152201258788e+141
387,8.290495712237548e+140,6.032152201258788e+141
388,8.290495712237548e+140,6.032152201258788e+141
389,7.3866018031933015e+140,6.032152201258788e+141
390,7.3866018031933015e+140,6.032152201258788e+141
391,7.3866018031933015e+140,6.032152201258788e+141
392,7.3866018031933015e+140,2.0402997232066773e+141
393,7.3866018031933015e+140,2.0402997232066773e+141
394,7.3866018031933015e+140,2.0402997232066773e+141
395,7.3866018031933015e+140,2.0402997232066773e+141
396,7.3866018031933015e+140,2.0402997232066773e+141
397,7.3866018031933015e+140,2.0402997232066773e+141
398,5.107031270916405e+140,2.0402997232066773e+141
399,5.107031270916405e+140,2.0402997232066773e+141
400,5.107031270916405e+140,2.0402997232066773e+141
401,5.107031270916405e+140,2.0402997232066773e+141
402,5.107031270916405e+140,2.0402997232066773e+141
403,5.107031270916405e+140,2.0402997232066773e+141
404,5.107031270916405e+140,2.0402997232066773e+141
405,5.107031270916405e+140,2.0402997232066773e+141
406,5.107031270916405e+140,2.0402997232066773e+141
407,5.107031270916405e+140,2.0402997232066773e+141
408,5.107031270916405e+140,2.0402997232066773e+141
409,5.107031270916405e+140,2.0402997232066773e+141
410,5.107031270916405e+140,2.0402997232066773e+141
411,5.107031270916405e+140,2.0402997232066773e+141
412,5.107031270916405e+140,2.0402997232066773e+141
413,3.835138485090511e+140,2.0402997232066773e+141
414,3.835138485090511e+140,2.0402997232066773e+141
415,3.835138485090511e+140,2.0402997232066773e+141
416,3.835138485090511e+140,2.0402997232066773e+141
417,3.835138485090511e+140,2.0402997232066773e+141
418,3.0897571243024207e+140,2.0402997232066773e+141
419,3.0897571243024207e+140,2.0402997232066773e+141
420,3.0897571243024207e+140,2.0402997232066773e+141
421,3.0897571243024207e+140,2.0402997232066773e+141
422,3.0897571243024207e+140,2.0402997232066773e+141
423,3.0897571243024207e+140,2.0402997232066773e+141
424,3.0897571243024207e+140,2.0402997232066773e+141
425,3.0897571243024207e+140,2.0402997232066773e+141
426,3.0897571243024207e+140,2.0402997232066773e+141
427,3.0897571243024207e+140,2.0402997232066773e+141
428,3.0897571243024207e+140,2.0402997232066773e+141
429,3.0897571243024207e+140,2.0402997232066773e+141
430,3.0897571243024207e+140,2.0402997232066773e+141
431,3.0897571243024207e+140,2.0402997232066773e+141
432,3.0897571243024207e+140,2.0402997232066773e+141
433,3.0897571243024207e+140,2.0402997232066773e+141
434,3.0687695537003746e+140,2.0402997232066773e+141
435,3.0687695537003746e+140,2.0402997232066773e+141
436,3.0687695537003746e+140,2.0402997232066773e+141
437,3.0687695537003746e+140,2.0402997232066773e+141
438,3.0687695537003746e+140,2.0402997232066773e+141
439,3.0687695537003746e+140,2.0402997232066773e+141
440,3.0687695537003746e+140,2.0402997232066773e+141
441,3.0687695537003746e+140,2.0402997232066773e+141
442,3.0687695537003746e+140,1.7500865510282234e+141
443,3.0687695537003746e+140,1.7500865510282234e+141
444,3.0687695537003746e+140,1.7500865510282234e+141
445,3.0687695537003746e+140,1.7500865510282234e+141
446,3.0687695537003746e+140,1.7500865510282234e+141
447,1.437150331715016e+140,1.7500865510282234e+141
448,1.437150331715016e+140,1.4303231226020681e+141
449,1.437150331715016e+140,8.003847347779621e+140
450,1.437150331715016e+140,8.003847347779621e+140
451,1.4042249123895063e+140,8.003847347779621e+140
452,8.233556345770576e+139,8.003847347779621e+140
453,8.233556345770576e+139,8.003847347779621e+140
454,8.233556345770576e+139,8.003847347779621e+140
455,8.233556345770576e+139,8.003847347779621e+140
456,8.233556345770576e+139,8.003847347779621e+140
457,8.233556345770576e+139,7.097790048343775e+140
458,8.233556345770576e+139,7.097790048343775e+140
459,8.233556345770576e+139,7.097790048343775e+140
460,8.233556345770576e+139,7.097790048343775e+140
461,8.233556345770576e+139,7.097790048343775e+140
462,8.233556345770576e+139,7.097790048343775e+140
463,8.233556345770576e+139,7.097790048343775e+140
464,8.233556345770576e+139,7.097790048343775e+140
465,8.233556345770576e+139,7.097790048343775e+140
466,8.233556345770576e+139,7.097790048343775e+140
467,8.233556345770576e+139,7.097790048343775e+140
468,8.233556345770576e+139,7.097790048343775e+140
469,8.233556345770576e+139,6.870564122110692e+140
470,8.233556345770576e+139,6.870564122110692e+140
471,8.233556345770576e+139,6.870564122110692e+140
472,8.233556345770576e+139,6.870564122110692e+140
473,8.233556345770576e+139,6.870564122110692e+140
474,8.233556345770576e+139,6.870564122110692e+140
475,8.233556345770576e+139,6.870564122110692e+140
476,8.233556345770576e+139,6.870564122110692e+140
477,8.233556345770576e+139,6.870564122110692e+140
478,8.233556345770576e+139,6.870564122110692e+140
479,8.233556345770576e+139,2.887800039177847e+140
480,8.233556345770576e+139,2.887800039177847e+140
481,8.233556345770576e+139,1.950675013191201e+140
482,8.233556345770576e+139,1.950675013191201e+140
483,8.233556345770576e+139,1.950675013191201e+140
484,8.045502931317959e+139,1.9506750131912004e+140
485,8.045502931317959e+139,1.9506750131912004e+140
486,8.045502931317959e+139,1.9506750131912004e+140
487,8.045502931317959e+139,1.9506750131912004e+140
488,8.045502931317959e+139,1.9506750131912004e+140
489,8.045502931317959e+139,1.9506750131912004e+140
490,8.045502931317959e+139,1.9506750131912004e+140
491,8.045502931317959e+139,1.9506750131912004e+140
492,8.045502931317959e+139,1.9506750131912004e+140
493,8.045502931317959e+139,1.9506750131912004e+140
494,8.045502931317959e+139,1.9506750131912004e+140
495,8.045502931317959e+139,1.9506750131912004e+140
496,8.045502931317959e+139,1.9506750131912004e+140
497,8.045502931317959e+139,1.9506750131912004e+140
498,8.045502931317959e+139,1.9506750131912004e+140
499,8.045502931317959e+139,1.9506750131912004e+140
500,8.045502931317959e+139,1.9506750131912004e+140
501,3.6462664342857826e+139,1.9506750131912004e+140
502,3.6462664342857826e+139,1.9506750131912004e+140
503,3.6462664342857826e+139,1.9506750131912004e+140
504,3.6462664342857826e+139,1.9506750131912004e+140
505,3.6462664342857826e+139,1.9506750131912004e+140
506,3.6462664342857826e+139,1.9506750131912004e+140
507,3.6462664342857826e+139,1.9506750131912004e+140
508,3.6462664342857826e+139,1.9506750131912004e+140
509,3.6462664342857826e+139,1.9506750131912004e+140
510,3.6462664342857826e+139,1.9506750131912004e+140
511,3.6462664342857826e+139,1.9506750131912004e+140
512,3.6462664342857826e+139,1.9506750131912004e+140
513,3.6462664342857826e+139,1.9506750131912004e+140
514,3.6462664342857826e+139,1.9506750131912004e+140
515,3.6462664342857826e+139,1.9506750131912004e+140
516,3.6462664342857826e+139,1.813663192127203e+140
517,3.6462664342857826e+139,1.813663192127203e+140
518,3.6462664342857826e+139,1.813663192127203e+140
519,3.6462664342857826e+139,1.739050184068379e+140
520,2.6380387534627026e+139,1.739050184068379e+140
521,2.6380387534627026e+139,1.739050184068379e+140
522,2.6380387534627026e+139,1.739050184068379e+140
523,2.6380387534627026e+139,1.7390501840683788e+140
524,2.6380387534627026e+139,1.7390501840683788e+140
525,2.6380387534627026e+139,1.2829900917280703e+140
526,2.6380387534627026e+139,1.2829900917280703e+140
527,2.6380387534627026e+139,1.2829900917280703e+140
528,2.6380387534627026e+139,1.2829900917280703e+140
529,2.6380387534627026e+139,1.2829900917280703e+140
530,2.6380387534627026e+139,1.2829900917280703e+140
531,2.6380387534627026e+139,1.2829900917280703e+140
532,2.6380387534627026e+139,1.2829900917280703e+140
533,2.6380387534627026e+139,1.2829900917280703e+140
534,3.749718149803274e+138,1.2829900917280703e+140
535,3.749718149803274e+138,1.2829900917280703e+140
536,3.749718149803274e+138,1.2829900917280703e+140
537,3.749718149803274e+138,1.2829900917280703e+140
538,3.749718149803274e+138,1.2829900917280703e+140
539,3.749718149803274e+138,1.2829900917280703e+140
540,3.749718149803274e+138,1.2829900917280703e+140
541,3.749718149803274e+138,1.2829900917280703e+140
542,3.749718149803274e+138,1.2829900917280703e+140
543,3.749718149803274e+138,1.2829900917280703e+140
544,3.749718149803274e+138,1.2829900917280703e+140
545,3.749718149803274e+138,1.2829900917280703e+140
546,3.749718149803274e+138,1.2829900917280703e+140
547,3.749718149803274e+138,1.2829900917280703e+140
548,3.749718149803274e+138,1.2829900917280703e+140
549,3.749718149803274e+138,1.2829900917280703e+140
550,3.749718149803274e+138,1.2829900917280703e+140
551,3.749718149803274e+138,1.2829900917280703e+140
552,3.749718149803274e+138,1.2829900917280703e+140
553,3.749718149803274e+138,1.2829900917280703e+140
554,3.749718149803274e+138,1.2829900917280703e+140
555,3.749718149803274e+138,1.2829900917280703e+140
556,3.749718149803274e+138,1.2829900917280703e+140
557,3.749718149803274e+138,1.2829900917280703e+140
558,3.749718149803274e+138,1.2829900917280703e+140
559,3.749718149803274e+138,1.2829900917280703e+140
560,3.749718149803274e+138,1.2829900917280703e+140
561,2.6660249150497214e+138,1.2829900917280703e+140
562,2.6660249150497214e+138,1.2829900917280703e+140
563,2.6660249150497214e+138,1.2829900917280703e+140
564,1.0355494283333159e+138,1.2829900917280703e+140
565,1.0355494283333159e+138,3.344794462580998e+139
566,1.0355494283333159e+138,3.344794462580998e+139
567,1.0355494283333159e+138,3.344794462580998e+139
568,1.0355494283333159e+138,3.344794462580998e+139
569,1.0355494283333159e+138,3.344794462580998e+139
570,1.0355494283333159e+138,3.344794462580998e+139
571,1.0355494283333159e+138,3.344794462580998e+139
572,1.0355494283333159e+138,3.344794462580998e+139
573,1.0355494283333159e+138,3.344794462580998e+139
574,1.0355494283333159e+138,3.344794462580998e+139
575,1.0355494283333159e+138,3.344794462580998e+139
576,1.0355494283333159e+138,3.344794462580998e+139
577,1.0355494283333159e+138,3.344794462580998e+139
578,1.0355494283333159e+138,3.344794462580998e+139
579,1.0355494283333159e+138,3.344794462580998e+139
580,1.0355494283333159e+138,3.344794462580998e+139
581,1.0355494283333159e+138,3.344794462580998e+139
582,1.0355494283333159e+138,3.344794462580998e+139
583,1.0355494283333159e+138,3.344794462580998e+139
584,1.0355494283333159e+138,3.344794462580998e+139
585,1.0355494283333159e+138,3.344794462580998e+139
586,1.0355494283333159e+138,3.344794462580998e+139
587,1.0355494283333159e+138,3.344794462580998e+139
588,1.0355494283333159e+138,3.131239092794065e+139
589,1.0355494283333159e+138,3.1312390927940644e+139
590,1.0355494283333159e+138,3.1312390927940644e+139
591,1.0355494283333159e+138,3.1312390927940644e+139
592,1.0355494283333159e+138,3.1312390927940644e+139
593,1.0355494283333159e+138,3.1312390927940644e+139
594,1.0355494283333159e+138,3.1312390927940644e+139
595,1.0355494283333159e+138,3.1312390927940644e+139
596,1.0355494283333159e+138,3.1312390927940644e+139
597,1.0355494283333159e+138,3.1312390927940644e+139
598,1.0355494283333159e+138,3.1312390927940644e+139
599,1.0355494283333159e+138,3.1312390927940644e+139
600,1.0355494283333159e+138,3.1312390927940644e+139
601,1.0355494283333159e+138,3.1312390927940644e+139
602,1.0355494283333159e+138,3.1312390927940644e+139
603,1.0355494283333159e+138,3.1312390927940644e+139
604,1.0355494283333159e+138,3.1312390927940644e+139
605,1.0355494283333159e+138,3.1312390927940644e+139
606,1.0355494283333159e+138,3.1312390927940644e+139
607,1.0355494283333159e+138,3.1312390927940644e+139
608,1.0355494283333159e+138,2.505103188466063e+139
609,1.0355494283333159e+138,2.505103188466063e+139
610,1.0355494283333159e+138,2.505103188466063e+139
611,1.0355494283333159e+138,2.505103188466063e+139
612,1.0355494283333159e+138,2.505103188466063e+139
613,1.0355494283333159e+138,2.505103188466063e+139
614,1.0355494283333159e+138,2.505103188466063e+139
615,1.0355494283333159e+138,2.505103188466063e+139
616,1.0355494283333159e+138,2.3420463643783542e+139
617,1.0355494283333159e+138,2.3420463643783542e+139
618,9.928728430010904e+137,2.3420463643783542e+139
619,9.928728430010904e+137,2.3420463643783542e+139
620,9.928728430010904e+137,2.3420463643783542e+139
621,9.928728430010904e+137,2.3420463643783542e+139
622,9.928728430010904e+137,2.3420463643783542e+139
623,9.928728430010904e+137,2.3420463643783542e+139
624,9.928728430010904e+137,2.3420463643783542e+139
625,9.928728430010904e+137,2.3420463643783542e+139
626,9.928728430010904e+137,2.3420463643783542e+139
627,9.928728430010904e+137,2.3420463643783542e+139
628,8.417443044326591e+137,2.3420463643783542e+139
629,8.417443044326591e+137,2.3420463643783542e+139
630,8.417443044326591e+137,2.3420463643783542e+139
631,8.417443044326591e+137,2.3420463643783542e+139
632,8.417443044326591e+137,2.1430995903717413e+139
633,8.417443044326591e+137,2.1430995903717413e+139
634,8.417443044326591e+137,2.1430995903717413e+139
635,8.417443044326591e+137,2.1430995903717413e+139
636,8.417443044326591e+137,2.1430995903717413e+139
637,8.417443044326591e+137,2.1430995903717413e+139
638,8.417443044326591e+137,2.1430995903717413e+139
639,8.417443044326591e+137,2.1430995903717413e+139
640,8.417443044326591e+137,2.1430995903717413e+139
641,8.417443044326591e+137,2.1430995903717413e+139
642,8.417443044326591e+137,2.1430995903717413e+139
643,8.417443044326591e+137,2.1430995903717413e+139
644,8.417443044326591e+137,2.1430995903717413e+139
645,8.417443044326591e+137,2.1430995903717413e+139
646,8.417443044326591e+137,2.1430995903717413e+139
647,7.0228437908024485e+137,2.1430995903717413e+139
648,7.0228437908024485e+137,2.1430995903717413e+139
649,7.0228437908024485e+137,2.1430995903717413e+139
650,7.0228437908024485e+137,2.1430995903717413e+139
651,7.0228437908024485e+137,2.1430995903717413e+139
652,7.0228437908024485e+137,2.1430995903717413e+139
653,7.0228437908024485e+137,2.1430995903717413e+139
654,7.0228437908024485e+137,2.1430995903717413e+139
655,7.0228437908024485e+137,2.1430995903717413e+139
656,7.0228437908024485e+137,2.1430995903717413e+139
657,7.0228437908024485e+137,2.1430995903717413e+139
658,7.0228437908024485e+137,2.1430995903717413e+139
659,7.0228437908024485e+137,2.1430995903717413e+139
660,1.9988921493496256e+137,1.3803487990446244e+139
661,1.9988921493496256e+137,1.3803487990446146e+139
662,1.9988921493496256e+137,1.3803487990446144e+139
663,1.9988921493496256e+137,1.3803487990446144e+139
664,1.9988921493496256e+137,1.3803487990446144e+139
665,1.9988921493496256e+137,1.3803487990446144e+139
666,1.9988921493496256e+137,1.3803487990446144e+139
667,1.9988921493496256e+137,1.3803487990446144e+139
668,1.9988921493496256e+137,1.3803487990446144e+139
669,1.9988921493496256e+137,1.3803487990446144e+139
670,1.9988921493496256e+137,1.3803487990446144e+139
671,1.9988921493496256e+137,1.3803487990446144e+139
672,1.9988921493496256e+137,1.3803487990446144e+139
673,1.9988921493496256e+137,1.3803487990446144e+139
674,1.9988921493496256e+137,1.3803487990446144e+139
675,1.9988921493496256e+137,1.360001346801291e+139
676,1.9988921493496256e+137,1.360001346801291e+139
677,1.9988921493496256e+137,1.360001346801291e+139
678,1.9988921493496256e+137,1.360001346801291e+139
679,1.9988921493496256e+137,1.2996345073260448e+139
680,1.9988921493496256e+137,1.2996345073260448e+139
681,1.9988921493496256e+137,1.2996345073260448e+139
682,1.9988921493496256e+137,1.2996345073260448e+139
683,1.9988921493496256e+137,1.2996345073260448e+139
684,1.9988921493496256e+137,1.2996345073260448e+139
685,1.9988921493496256e+137,1.2996345073260448e+139
686,1.9988921493496256e+137,1.2996345073260448e+139
687,1.9988921493496256e+137,1.2996345073260448e+139
688,1.9988921493496256e+137,4.3389507445157637e+138
689,1.9988921493496256e+137,4.3389507445157637e+138
690,1.9988921493496256e+137,9.564991765115749e+137
691,1.9988921493496256e+137,9.564991765115749e+137
692,1.9988921493496256e+137,9.564991765115749e+137
693,1.9988921493496256e+137,9.564991765115749e+137
694,1.9988921493496256e+137,9.564991765115749e+137
695,1.9988921493496256e+137,9.564991765115749e+137
696,1.9988921493496256e+137,9.564991765115749e+137
697,1.9988921493496256e+137,9.564991765115749e+137
698,1.9988921493496256e+137,9.564991765115749e+137
699,1.9988921493496256e+137,6.087076759745993e+137
700,1.9988921493496256e+137,6.087076759745993e+137
701,1.9988921493496256e+137,6.087076759745993e+137
702,1.9988921493496256e+137,6.087076759745993e+137
703,1.9988921493496256e+137,6.087076759745993e+137
704,1.9988921493496256e+137,6.087076759745993e+137
705,1.9988921493496256e+137,6.087076759745993e+137
706,1.9988921493496256e+137,6.087076759745993e+137
707,1.9988921493496256e+137,6.087076759745993e+137
708,1.9988921493496256e+137,6.087076759745993e+137
709,1.9988921493496256e+137,6.087076759745993e+137
710,1.9988921493496256e+137,6.087076759745993e+137
711,1.9988921493496256e+137,6.087076759745993e+137
712,1.122234028510012e+137,6.087076759745993e+137
713,1.122234028510012e+137,6.087076759745993e+137
714,1.122234028510012e+137,6.087076759745993e+137
715,1.122234028510012e+137,6.087076759745993e+137
716,1.122234028510012e+137,6.087076759745993e+137
717,1.122234028510012e+137,6.087076759745993e+137
718,1.122234028510012e+137,6.087076759745993e+137
719,1.122234028510012e+137,6.087076759745993e+137
720,1.122234028510012e+137,6.087076759745993e+137
721,1.122234028510012e+137,6.087076759745993e+137
722,1.122234028510012e+137,6.087076759745993e+137
723,1.122234028510012e+137,6.087076759745993e+137
724,1.122234028510012e+137,6.087076759745993e+137
725,1.122234028510012e+137,6.087076759745993e+137
726,1.122234028510012e+137,6.087076759745993e+137
727,1.122234028510012e+137,6.087076759745993e+137
728,1.122234028510012e+137,6.087076759745993e+137
729,1.122234028510012e+137,6.087076759745993e+137
730,1.122234028510012e+137,6.087076759745993e+137
731,1.122234028510012e+137,6.087076759745993e+137
732,1.122234028510012e+137,6.087076759745993e+137
733,1.122234028510012e+137,6.087076759745993e+137
734,1.122234028510012e+137,6.087076759745993e+137
735,1.122234028510012e+137,6.087076759745993e+137
736,1.122234028510012e+137,6.087076759745993e+137
737,1.122234028510012e+137,6.087076759745993e+137
738,1.122234028510012e+137,6.087076759745993e+137
739,1.122234028510012e+137,6.087076759745993e+137
740,1.122234028510012e+137,6.087076759745993e+137
741,1.122234028510012e+137,6.087076759745993e+137
742,1.122234028510012e+137,6.087076759745993e+137
743,1.122234028510012e+137,6.087076759745993e+137
744,1.122234028510012e+137,6.087076759745993e+137
745,1.122234028510012e+137,6.087076759745993e+137
746,1.122234028510012e+137,6.087076759745993e+137
747,1.122234028510012e+137,6.087076759745993e+137
748,1.122234028510012e+137,6.087076759745993e+137
749,1.122234028510012e+137,6.087076759745993e+137
750,1.122234028510012e+137,6.087076759745993e+137
751,1.122234028510012e+137,6.087076759745993e+137
752,1.122234028510012e+137,6.087076759745993e+137
753,1.122234028510012e+137,6.087076759745993e+137
754,1.122234028510012e+137,6.087076759745993e+137
755,1.122234028510012e+137,6.087076759745993e+137
756,1.122234028510012e+137,6.087076759745993e+137
757,1.122234028510012e+137,6.087076759745993e+137
758,1.122234028510012e+137,6.087076759745993e+137
759,1.122234028510012e+137,5.086867043071794e+137
760,1.122234028510012e+137,5.086867043071794e+137
761,1.122234028510012e+137,5.086867043071794e+137
762,1.122234028510012e+137,5.086867043071794e+137
763,1.122234028510012e+137,5.086867043071794e+137
764,1.122234028510012e+137,5.0868670430717935e+137
765,1.122234028510012e+137,5.0868670430717935e+137
766,1.122234028510012e+137,5.0868670430717935e+137
767,1.122234028510012e+137,5.0868670430717935e+137
768,1.122234028510012e+137,5.0868670430717935e+137
769,1.122234028510012e+137,5.0868670430717935e+137
770,1.122234028510012e+137,5.0868670430717935e+137
771,1.122234028510012e+137,4.501143721257796e+137
772,1.122234028510012e+137,4.501143721257796e+137
773,1.122234028510012e+137,4.501143721257795e+137
774,1.122234028510012e+137,4.501143721257795e+137
775,1.122234028510012e+137,4.501143721257795e+137
776,1.122234028510012e+137,4.501143721257795e+137
777,1.122234028510012e+137,4.501143721257795e+137
778,1.122234028510012e+137,4.501143721257795e+137
779,1.122234028510012e+137,4.501143721257795e+137
780,1.122234028510012e+137,4.501143721257795e+137
781,1.122234028510012e+137,4.247966028215294e+137
782,1.0398237014507012e+137,4.247966028215294e+137
783,1.0398237014507012e+137,4.247966028215294e+137
784,1.0398237014507012e+137,4.247966028215294e+137
785,1.0398237014507012e+137,4.247966028215294e+137
786,1.0398237014507012e+137,4.247966028215294e+137
787,1.0398237014507012e+137,4.247966028215294e+137
788,1.0398237014507012e+137,4.247966028215294e+137
789,1.0398237014507012e+137,4.247966028215294e+137
790,1.0398237014507012e+137,4.1540085801835786e+137
791,1.0398237014507012e+137,4.1540085801835786e+137
792,1.0398237014507012e+137,4.1540085801835786e+137
793,2.9562367506657615e+136,4.1540085801835786e+137
794,2.9562367506657615e+136,4.1540085801835786e+137
795,2.9562367506657615e+136,4.1540085801835786e+137
796,2.9562367506657615e+136,4.1540085801835786e+137
797,2.9562367506657615e+136,4.1540085801835786e+137
798,2.9562367506657615e+136,4.1540085801835786e+137
799,2.9562367506657615e+136,4.1540085801835786e+137
800,2.9562367506657615e+136,4.1540085801835786e+137
801,2.9562367506657615e+136,4.1540085801835786e+137
802,2.9562367506657615e+136,4.1540085801835786e+137
803,2.9562367506657615e+136,4.1540085801835786e+137
804,2.9562367506657615e+136,4.1540085801835786e+137
805,2.9562367506657615e+136,4.1540085801835786e+137
806,2.9562367506657615e+136,4.1540085801835786e+137
807,2.9562367506657615e+136,4.1540085801835786e+137
808,2.9562367506657615e+136,4.1540085801835786e+137
809,2.9562367506657615e+136,4.1540085801835786e+137
810,2.9562367506657615e+136,4.1540085801835786e+137
811,2.9562367506657615e+136,4.1540085801835786e+137
812,2.9562367506657615e+136,4.1540085801835786e+137
813,2.9562367506657615e+136,4.1540085801835786e+137
814,2.9562367506657615e+136,4.1540085801835786e+137
815,2.9562367506657615e+136,4.1540085801835786e+137
816,2.9562367506657615e+136,4.1540085801835786e+137
817,2.9562367506657615e+136,4.1540085801835786e+137
818,2.9562367506657615e+136,4.1540085801835786e+137
819,2.9562367506657615e+136,4.1540085801835786e+137
820,2.9562367506657615e+136,4.1540085801835786e+137
821,2.9562367506657615e+136,4.1540085801835786e+137
822,2.9562367506657615e+136,4.1540085801835786e+137
823,2.9562367506657615e+136,4.1540085801835786e+137
824,2.9562367506657615e+136,4.1540085801835786e+137
825,2.9562367506657615e+136,4.1540085801835786e+137
826,2.9562367506657615e+136,4.1540085801835786e+137
827,2.9562367506657615e+136,4.1540085801835786e+137
828,2.9562367506657615e+136,5.546842369036076e+136
829,2.9562367506657615e+136,5.546842369036076e+136
830,2.9562367506657615e+136,5.546842369036076e+136
831,2.9562367506657615e+136,5.546842369036076e+136
832,2.9562367506657615e+136,5.546842369036075e+136
833,2.9562367506657615e+136,5.546842369036075e+136
834,2.9562367506657615e+136,5.546842369036075e+136
835,2.9562367506657615e+136,5.546842369036075e+136
836,2.9562367506657615e+136,5.546842369036075e+136
837,2.9562367506657615e+136,5.546842369036075e+136
838,2.9562367506657615e+136,5.546842369036075e+136
839,2.9562367506657615e+136,5.546842369036075e+136
840,2.9562367506657615e+136,5.546842369036075e+136
841,2.9562367506657615e+136,5.546842369036075e+136
842,2.9562367506657615e+136,5.546842369036075e+136
843,2.9562367506657615e+136,5.546842369036075e+136
844,2.9562367506657615e+136,5.546842369036075e+136
845,2.9562367506657615e+136,5.546842369036075e+136
846,2.9562367506657615e+136,5.546842369036075e+136
847,2.9562367506657615e+136,5.546842369036075e+136
848,2.9562367506657615e+136,5.546842369036075e+136
849,2.9562367506657615e+136,5.546842369036075e+136
850,2.9562367506657615e+136,5.546842369036075e+136
851,2.9562367506657615e+136,5.546842369036075e+136
852,2.9562367506657615e+136,5.546842369036075e+136
853,2.9562367506657615e+136,5.546842369036075e+136
854,2.9562367506657615e+136,5.546842369036075e+136
855,2.9562367506657615e+136,5.455370068669947e+136
856,2.9562367506657615e+136,5.455370068669947e+136
857,2.9562367506657615e+136,5.455370068669947e+136
858,2.9562367506657615e+136,5.455370068669947e+136
859,2.9562367506657615e+136,5.455370068669947e+136
860,2.9562367506657615e+136,5.455370068669947e+136
861,2.9562367506657615e+136,5.455370068669947e+136
862,2.9562367506657615e+136,5.455370068669947e+136
863,2.9562367506657615e+136,5.455370068669947e+136
864,2.9562367506657615e+136,5.455370068669947e+136
865,2.9562367506657615e+136,5.455370068669947e+136
866,2.9562367506657615e+136,5.455370068669947e+136
867,2.9562367506657615e+136,5.455370068669947e+136
868,2.9562367506657615e+136,5.455370068669947e+136
869,2.9562367506657615e+136,5.455370068669947e+136
870,2.9562367506657615e+136,5.455370068669947e+136
871,2.9562367506657615e+136,5.455370068669947e+136
872,2.9562367506657615e+136,5.455370068669947e+136
873,2.9562367506657615e+136,5.455370068669947e+136
874,2.9562367506657615e+136,5.455370068669947e+136
875,2.9562367506657615e+136,5.455370068669947e+136
876,2.9562367506657615e+136,5.455370068669947e+136
877,2.9562367506657615e+136,5.455370068669947e+136
878,2.9562367506657615e+136,5.455370068669947e+136
879,2.9562367506657615e+136,5.455370068669947e+136
880,2.9562367506657615e+136,5.455370068669947e+136
881,2.9562367506657615e+136,5.455370068669947e+136
882,2.9562367506657615e+136,5.455370068669947e+136
883,2.9562367506657615e+136,5.455370068669947e+136
884,2.9562367506657615e+136,5.455370068669947e+136
885,2.9562367506657615e+136,5.455370068669947e+136
886,2.9562367506657615e+136,5.455370068669947e+136
887,2.9562367506657615e+136,5.455370068669947e+136
888,8.811246841106291e+135,5.455370068669947e+136
889,8.811246841106291e+135,5.455370068669947e+136
890,8.811246841106291e+135,5.455370068669947e+136
891,8.811246841106291e+135,5.455370068669947e+136
892,8.811246841106291e+135,5.455370068669947e+136
893,8.811246841106291e+135,5.455370068669947e+136
894,8.811246841106291e+135,5.455370068669947e+136
895,8.811246841106291e+135,5.455370068669947e+136
896,8.811246841106291e+135,5.455370068669947e+136
897,8.811246841106291e+135,5.455370068669947e+136
898,8.811246841106291e+135,5.455370068669947e+136
899,8.811246841106291e+135,5.455370068669947e+136
900,8.811246841106291e+135,5.455370068669947e+136
901,8.811246841106291e+135,5.455370068669947e+136
902,8.811246841106291e+135,1.9217710031450982e+136
903,8.811246841106291e+135,1.9217710031450982e+136
904,8.811246841106291e+135,1.9217710031450982e+136
905,8.811246841106291e+135,1.9217710031450982e+136
906,8.811246841106291e+135,1.9217710031450982e+136
907,8.811246841106291e+135,1.9217710031450982e+136
908,8.811246841106291e+135,1.9217710031450982e+136
909,8.811246841106291e+135,1.9217710031450982e+136
910,8.811246841106291e+135,1.5332802910534802e+136
911,8.811246841106291e+135,1.5332802910534802e+136
912,8.811246841106291e+135,1.5332802910534802e+136
913,8.811246841106291e+135,1.5332802910534802e+136
914,8.811246841106291e+135,1.5144226474651801e+136
915,8.000968786914834e+135,1.5144226474651801e+136
916,8.000968786914834e+135,1.5144226474651801e+136
917,8.000968786914834e+135,1.5144226474651801e+136
918,8.000968786914834e+135,1.5144226474651801e+136
919,8.000968786914834e+135,1.5144226474651801e+136
920,8.000968786914834e+135,1.5144226474651801e+136
921,8.000968786914834e+135,1.5144226474651801e+136
922,8.000968786914834e+135,1.5144226474651801e+136
923,1.419966528613057e+135,1.5144226474651801e+136
924,1.419966528613057e+135,1.5144226474651801e+136
925,1.419966528613057e+135,1.5144226474651801e+136
926,1.419966528613057e+135,1.5144226474651801e+136
927,1.419966528613057e+135,1.5144226474651801e+136
928,1.419966528613057e+135,1.5144226474651801e+136
929,1.419966528613057e+135,1.5144226474651801e+136
930,1.419966528613057e+135,1.5144226474651801e+136
931,1.419966528613057e+135,1.5144226474651801e+136
932,1.419966528613057e+135,1.5144226474651801e+136
933,1.419966528613057e+135,1.5144226474651801e+136
934,1.419966528613057e+135,1.5144226474651801e+136
935,1.419966528613057e+135,1.5144226474651801e+136
936,1.419966528613057e+135,1.5144226474651801e+136
937,1.419966528613057e+135,1.5144226474651801e+136
938,1.419966528613057e+135,1.5144226474651801e+136
939,1.419966528613057e+135,1.5144226474651801e+136
940,1.0182829988790698e+135,1.5144226474651801e+136
941,1.0182829988790698e+135,1.5144226474651801e+136
942,1.0182829988790698e+135,1.5144226474651801e+136
943,1.0182829988790698e+135,1.5144226474651801e+136
944,1.0182829988790698e+135,1.5144226474651801e+136
945,1.0182829988790698e+135,1.5144226474651801e+136
946,1.0182829988790698e+135,1.5144226474651801e+136
947,1.0182829988790698e+135,1.5144226474651801e+136
948,1.0182829988790698e+135,1.5144226474651801e+136
949,1.0182829988790698e+135,1.5144226474651801e+136
950,1.0182829988790698e+135,1.5144226474651801e+136
951,1.0182829988790698e+135,1.5144226474651801e+136
952,1.0182829988790698e+135,1.5144226474651801e+136
953,1.0182829988790698e+135,1.5144226474651801e+136
954,1.0182829988790698e+135,1.5144226474651801e+136
955,1.0182829988790698e+135,1.5144226474651801e+136
956,1.0182829988790698e+135,1.5144226474651801e+136
957,1.0182829988790698e+135,1.5144226474651801e+136
958,1.0182829988790698e+135,1.5144226474651801e+136
959,1.0182829988790698e+135,1.5144226474651801e+136
960,1.0182829988790698e+135,1.5144226474651801e+136
961,1.0182829988790698e+135,1.5144226474651801e+136
962,1.0182829988790698e+135,1.5144226474651801e+136
963,1.0182829988790698e+135,1.469456475626737e+136
964,1.0182829988790698e+135,1.469456475626737e+136
965,1.0182829988790698e+135,1.469456475626737e+136
966,1.0182829988790698e+135,1.469456475626737e+136
967,1.0182829988790698e+135,1.469456475626737e+136
968,1.0182829988790698e+135,1.469456475626737e+136
969,1.0182829988790698e+135,1.469456475626737e+136
970,1.0182829988790698e+135,1.469456475626737e+136
971,1.0182829988790698e+135,1.469456475626737e+136
972,1.0182829988790698e+135,1.469456475626737e+136
973,1.0182829988790698e+135,1.469456475626737e+136
974,5.467182876477089e+134,1.469456475626737e+136
975,5.467182876477089e+134,1.469456475626737e+136
976,5.467182876477089e+134,1.469456475626737e+136
977,5.467182876477089e+134,1.469456475626737e+136
978,5.467182876477089e+134,1.469456475626737e+136
979,5.467182876477089e+134,1.469456475626737e+136
980,5.467182876477089e+134,1.469456475626737e+136
981,5.467182876477089e+134,1.469456475626737e+136
982,5.467182876477089e+134,1.469456475626737e+136
983,5.467182876477089e+134,1.469456475626737e+136
984,5.467182876477089e+134,1.469456475626737e+136
985,5.467182876477089e+134,1.469456475626737e+136
986,5.467182876477089e+134,1.469456475626737e+136
987,5.467182876477089e+134,1.469456475626737e+136
988,5.467182876477089e+134,1.469456475626737e+136
989,5.467182876477089e+134,1.469456475626737e+136
990,5.467182876477089e+134,1.469456475626737e+136
991,5.467182876477089e+134,1.469456475626737e+136
992,5.467182876477089e+134,1.469456475626737e+136
993,5.467182876477089e+134,1.469456475626737e+136
994,5.467182876477089e+134,1.469456475626737e+136
995,5.467182876477089e+134,1.469456475626737e+136
996,5.467182876477089e+134,1.469456475626737e+136
997,5.467182876477089e+134,1.469456475626737e+136
998,5.467182876477089e+134,1.469456475626737e+136
999,5.467182876477089e+134,1.469456475626737e+136
1000,5.467182876477089e+134,1.469456475626737e+136
1001,5.467182876477089e+134,1.469456475626737e+136
1002,5.467182876477089e+134,1.469456475626737e+136
1003,5.467182876477089e+134,1.469456475626737e+136
1004,5.467182876477089e+134,1.469456475626737e+136
1005,5.467182876477089e+134,5.486791782003579e+135
1006,5.467182876477089e+134,5.4689246983322375e+135
1007,5.467182876477089e+134,5.4689246983322375e+135
1008,5.467182876477089e+134,5.4689246983322375e+135
1009,5.467182876477089e+134,5.4689246983322375e+135
1010,5.467182876477089e+134,5.4689246983322375e+135
1011,5.467182876477089e+134,5.4689246983322375e+135
1012,5.279534469374177e+134,5.4689246983322375e+135
1013,5.279534469374177e+134,5.4689246983322375e+135
1014,5.279534469374177e+134,5.4689246983322375e+135
1015,5.279534469374177e+134,5.3836887644664694e+135
1016,5.279534469374177e+134,5.3836887644664694e+135
1017,5.279534469374177e+134,5.3836887644664694e+135
1018,5.279534469374177e+134,5.3836887644664694e+135
1019,5.279534469374177e+134,5.3836887644664694e+135
1020,5.279534469374177e+134,5.3836887644664694e+135
1021,5.279534469374177e+134,5.3836887644664694e+135
1022,5.279534469374177e+134,5.3836887644664694e+135
1023,5.279534469374177e+134,4.644635715227787e+135
1024,5.279534469374177e+134,4.644635715227787e+135
1025,5.279534469374177e+134,4.644635715227787e+135
1026,5.279534469374177e+134,4.644635715227787e+135
1027,5.279534469374177e+134,4.644635715227787e+135
1028,5.279534469374177e+134,4.644635715227787e+135
1029,4.7858746414429795e+134,3.644349693366965e+135
1030,4.7858746414429795e+134,3.644349693366965e+135
1031,4.7858746414429795e+134,2.6734128991029444e+135
1032,4.7858746414429795e+134,2.6734128991029444e+135
1033,4.7858746414429795e+134,2.6734128991029444e+135
1034,4.7858746414429795e+134,2.6734128991029444e+135
1035,4.7858746414429795e+134,2.6734128991029444e+135
1036,4.7858746414429795e+134,2.6734128991029444e+135
1037,4.7858746414429795e+134,2.6734128991029444e+135
1038,4.7858746414429795e+134,2.6734128991029444e+135
1039,4.7858746414429795e+134,2.6734128991029444e+135
1040,4.7858746414429795e+134,2.6734128991029444e+135
1041,4.7858746414429795e+134,2.6734128991029444e+135
1042,2.5526630933512593e+134,2.6734128991029444e+135
1043,2.5526630933512593e+134,2.6734128991029444e+135
1044,2.5526630933512593e+134,2.6734128991029444e+135
1045,2.5526630933512593e+134,2.6734128991029444e+135
1046,2.5526630933512593e+134,2.6734128991029444e+135
1047,2.5526630933512593e+134,2.6734128991029444e+135
1048,2.5526630933512593e+134,2.6734128991029444e+135
1049,2.3469444011016568e+134,2.6734128991029444e+135
1050,2.3469444011016568e+134,2.6734128991029444e+135
1051,2.3469444011016568e+134,2.6734128991029444e+135
1052,2.3469444011016568e+134,2.6734128991029444e+135
1053,2.3469444011016568e+134,2.6734128991029444e+135
1054,2.3469444011016568e+134,2.6734128991029444e+135
1055,2.3469444011016568e+134,2.6734128991029444e+135
1056,2.3469444011016568e+134,2.6734128991029444e+135
1057,2.3469444011016568e+134,2.6734128991029444e+135
1058,2.3469444011016568e+134,2.6734128991029444e+135
1059,2.3469444011016568e+134,2.6734128991029444e+135
1060,2.3469444011016568e+134,2.3599043248775777e+135
1061,2.3469444011016568e+134,2.3599043248775774e+135
1062,2.3469444011016568e+134,2.3599043248775774e+135
1063,2.3469444011016568e+134,2.3599043248775774e+135
1064,2.3469444011016568e+134,2.3599043248775774e+135
1065,2.3469444011016568e+134,2.3599043248775774e+135
1066,2.3469444011016568e+134,2.3599043248775774e+135
1067,2.3469444011016568e+134,2.3599043248775774e+135
1068,2.3469444011016568e+134,2.3599043248775774e+135
1069,2.3273056911917406e+134,2.3599043248775774e+135
1070,2.3273056911917406e+134,2.3599043248775774e+135
1071,2.3273056911917406e+134,2.3599043248775774e+135
1072,2.3273056911917406e+134,2.3599043248775774e+135
1073,2.3273056911917406e+134,2.3599043248775774e+135
1074,2.3273056911917406e+134,2.3599043248775774e+135
1075,2.3273056911917406e+134,1.6829225772363474e+135
1076,2.3273056911917406e+134,1.6829225772363474e+135
1077,2.3273056911917406e+134,1.6829225772363474e+135
1078,2.3273056911917406e+134,1.6829225772363474e+135
1079,2.3273056911917406e+134,1.6829225772363474e+135
1080,2.3273056911917406e+134,1.6829225772363474e+135
1081,2.3273056911917406e+134,1.6829225772363474e+135
1082,2.3273056911917406e+134,1.6829225772363474e+135
1083,2.3273056911917406e+134,1.6829225772363474e+135
1084,1.989548373012178e+134,1.6829225772363474e+135
1085,1.989548373012178e+134,1.6829225772363474e+135
1086,1.989548373012178e+134,1.6829225772363474e+135
1087,1.989548373012178e+134,1.6829225772363474e+135
1088,1.989548373012178e+134,1.6829225772363474e+135
1089,1.989548373012178e+134,1.6829225772363474e+135
1090,1.989548373012178e+134,2.151741796342118e+134
1091,1.989548373012178e+134,2.151741796342118e+134
1092,1.8297279776466197e+134,2.151741796342118e+134
1093,1.8297279776466197e+134,2.151741796342118e+134
1094,1.8297279776466197e+134,2.151741796342118e+134
1095,1.8297279776466197e+134,2.151741796342118e+134
1096,1.8297279776466197e+134,2.151741796342118e+134
1097,1.8297279776466197e+134,2.151741796342118e+134
1098,1.8297279776466197e+134,2.151741796342118e+134
1099,1.8297279776466197e+134,2.151741796342118e+134
1100,1.8297279776466197e+134,2.151741796342118e+134
1101,1.1224005552995486e+134,2.151741796342118e+134
1102,1.1224005552995486e+134,2.151741796342118e+134
1103,1.1224005552995486e+134,1.9197749560248607e+134
1104,1.1224005552995486e+134,1.9197749560248607e+134
1105,1.1224005552995486e+134,1.9197749560248607e+134
1106,1.1224005552995486e+134,1.9197749560248607e+134
1107,1.1224005552995486e+134,1.9197749560248607e+134
1108,1.1224005552995486e+134,1.9197749560248607e+134
1109,1.1224005552995486e+134,1.9197749560248607e+134
1110,1.1224005552995486e+134,1.9197749560248607e+134
1111,1.1224005552995486e+134,1.9197749560248607e+134
1112,1.1224005552995486e+134,1.9197749560248607e+134
1113,1.1224005552995486e+134,1.7305755021422337e+134
1114,1.1224005552995486e+134,1.7305755021422329e+134
1115,1.1224005552995486e+134,1.7305755021422327e+134
1116,9.136299689826645e+133,1.7305755021422327e+134
1117,9.136299689826645e+133,1.7305755021422327e+134
1118,9.136299689826645e+133,1.7305755021422327e+134
1119,9.050282062150224e+133,1.7305755021422327e+134
1120,9.050282062150224e+133,1.7305755021422327e+134
1121,9.050282062150224e+133,1.7305755021422327e+134
1122,9.050282062150224e+133,1.7305755021422327e+134
1123,9.050282062150224e+133,1.7305755021422327e+134
1124,9.050282062150224e+133,1.7305755021422327e+134
1125,9.050282062150224e+133,1.7024766786930354e+134
1126,9.050282062150224e+133,1.7024766786930354e+134
1127,9.050282062150224e+133,1.7024766786930354e+134
1128,9.050282062150224e+133,1.7024766786930354e+134
1129,9.050282062150224e+133,1.7024766786930354e+134
1130,9.050282062150224e+133,1.7024766786930354e+134
1131,9.050282062150224e+133,1.7024766786930354e+134
1132,9.050282062150224e+133,1.7024766786930354e+134
1133,9.050282062150224e+133,1.7024766786930354e+134
1134,9.050282062150224e+133,1.7024766786930354e+134
1135,9.050282062150224e+133,1.7024766786930354e+134
1136,9.050282062150224e+133,1.7024766786930354e+134
1137,8.931105441250184e+133,1.7024766786930354e+134
1138,8.931105441250184e+133,1.7024766786930354e+134
1139,8.931105441250184e+133,1.7024766786930354e+134
1140,8.931105441250184e+133,1.7024766786930354e+134
1141,8.931105441250184e+133,1.7024766786930354e+134
1142,8.931105441250184e+133,1.7024766786930354e+134
1143,8.931105441250184e+133,1.7024766786930354e+134
1144,8.931105441250184e+133,1.7024766786930354e+134
1145,8.931105441250184e+133,1.7024766786930354e+134
1146,8.931105441250184e+133,1.7024766786930354e+134
1147,7.250682781724153e+133,1.7024766786930354e+134
1148,7.250682781724153e+133,1.7024766786930354e+134
1149,7.250682781724153e+133,1.7024766786930354e+134
1150,7.250682781724153e+133,1.7024766786930354e+134
1151,7.250682781724153e+133,1.7024766786930354e+134
1152,7.250682781724153e+133,1.7024766786930354e+134
1153,7.250682781724153e+133,1.7024766786930354e+134
1154,7.250682781724153e+133,1.7024766786930354e+134
1155,7.250682781724153e+133,1.7024766786930354e+134
1156,7.250682781724153e+133,1.7024766786930354e+134
1157,4.673881717855064e+133,1.7024766786930354e+134
1158,4.673881717855064e+133,1.7024766786930354e+134
1159,4.673881717855064e+133,1.7024766786930354e+134
1160,4.673881717855064e+133,1.7024766786930354e+134
1161,4.673881717855064e+133,8.420516691095129e+133
1162,4.673881717855064e+133,7.310589170715171e+132
1163,4.673881717855064e+133,7.310589170715171e+132
1164,4.673881717855064e+133,7.310589170715171e+132
1165,4.673881717855064e+133,7.310589170715171e+132
1166,4.673881717855064e+133,7.310589170715171e+132
1167,4.673881717855064e+133,7.310589170715171e+132
1168,4.673881717855064e+133,7.310589170715171e+132
1169,4.673881717855064e+133,7.310589170715171e+132
1170,4.673881717855064e+133,7.310589170715171e+132
1171,3.029438856698897e+133,7.310589170715171e+132
1172,3.029438856698897e+133,7.310589170715171e+132
1173,2.0244842523998732e+133,7.310589170715171e+132
1174,2.0244842523998732e+133,7.310589170715171e+132
1175,2.0244842523998732e+133,7.310589170715171e+132
1176,2.0244842523998732e+133,7.310589170715171e+132
1177,2.0244842523998732e+133,7.310589170715171e+132
1178,2.0244842523998732e+133,7.310589170715171e+132
1179,2.0244842523998732e+133,7.310589170715171e+132
1180,2.0244842523998732e+133,7.310589170715171e+132
1181,2.0244842523998732e+133,7.310589170715171e+132
1182,2.0244842523998732e+133,7.310589170715171e+132
1183,2.0244842523998732e+133,7.310589170715171e+132
1184,2.0244842523998732e+133,7.310589170715171e+132
1185,2.0244842523998732e+133,7.310589170715171e+132
1186,2.0244842523998732e+133,7.310589170715171e+132
1187,2.0244842523998732e+133,7.310589170715171e+132
1188,2.0244842523998732e+133,7.310589170715171e+132
1189,1.703998697103159e+133,7.310589170715171e+132
1190,1.703998697103159e+133,7.310589170715171e+132
1191,1.703998697103159e+133,7.310589170715171e+132
1192,1.703998697103159e+133,7.310589170715171e+132
1193,1.703998697103159e+133,7.310589170715171e+132
1194,1.703998697103159e+133,7.310589170715171e+132
1195,1.703998697103159e+133,7.310589170715171e+132
1196,1.703998697103159e+133,7.310589170715171e+132
1197,1.703998697103159e+133,7.310589170715171e+132
1198,1.703998697103159e+133,7.310589170715171e+132
1199,1.703998697103159e+133,7.310589170715171e+132
1200,3.8482940308411666e+131,2.1533635459157604e+132
1201,3.8482940308411666e+131,2.1533635459157604e+132
1202,3.8482940308411666e+131,2.1533635459157604e+132
1203,3.8482940308411666e+131,2.1533635459157604e+132
1204,3.8482940308411666e+131,2.1533635459157604e+132
1205,3.8482940308411666e+131,2.1533635459157604e+132
1206,3.8482940308411666e+131,2.1533635459157604e+132
1207,3.8482940308411666e+131,2.1533635459157604e+132
1208,3.8482940308411666e+131,2.1533635459157604e+132
1209,3.8482940308411666e+131,2.1533635459157604e+132
1210,3.8482940308411666e+131,2.1533635459157604e+132
1211,3.8482940308411666e+131,2.1533635459157604e+132
1212,3.8482940308411666e+131,2.1533635459157604e+132
1213,3.8482940308411666e+131,2.1533635459157604e+132
1214,3.8482940308411666e+131,2.1533635459157604e+132
1215,3.8482940308411666e+131,2.1533635459157604e+132
1216,3.8482940308411666e+131,2.1533635459157604e+132
1217,3.8482940308411666e+131,2.1533635459157604e+132
1218,3.8482940308411666e+131,2.1533635459157604e+132
1219,3.8482940308411666e+131,2.1533635459157604e+132
1220,3.8482940308411666e+131,2.1533635459157604e+132
1221,3.8482940308411666e+131,2.1533635459157604e+132
1222,3.8482940308411666e+131,2.1533635459157604e+132
1223,3.8482940308411666e+131,2.1533635459157604e+132
1224,3.8482940308411666e+131,2.1533635459157604e+132
1225,3.8482940308411666e+131,2.1533635459157604e+132
1226,3.8482940308411666e+131,2.1533635459157604e+132
1227,3.8482940308411666e+131,2.1533635459157604e+132
1228,3.8482940308411666e+131,2.1533635459157604e+132
1229,3.8482940308411666e+131,2.1533635459157604e+132
1230,3.8482940308411666e+131,2.1533635459157604e+132
1231,3.8482940308411666e+131,2.1533635459157604e+132
1232,3.8482940308411666e+131,2.1533635459157604e+132
1233,3.8482940308411666e+131,2.1533635459157604e+132
1234,3.8482940308411666e+131,2.1533635459157604e+132
1235,3.8482940308411666e+131,2.1533635459157604e+132
1236,3.8482940308411666e+131,2.1533635459157604e+132
1237,3.8482940308411666e+131,2.1533635459157604e+132
1238,3.8482940308411666e+131,7.79601524860975e+131
1239,3.8482940308411666e+131,7.79601524860975e+131
1240,3.8482940308411666e+131,7.79601524860975e+131
1241,3.8482940308411666e+131,7.79601524860975e+131
1242,3.8482940308411666e+131,6.829822010544882e+130
1243,3.8482940308411666e+131,6.829822010544882e+130
1244,9.066652040278549e+130,6.829822010544882e+130
1245,9.066652040278549e+130,6.829822010544882e+130
1246,9.066652040278549e+130,6.829822010544881e+130
1247,9.066652040278549e+130,6.829822010544881e+130
1248,9.066652040278549e+130,6.829822010544881e+130
1249,9.066652040278549e+130,6.829822010544881e+130
1250,9.066652040278549e+130,6.829822010544881e+130
1251,9.066652040278549e+130,6.829822010544881e+130
1252,9.066652040278549e+130,6.829822010544881e+130
1253,9.066652040278549e+130,6.829822010544881e+130
1254,9.066652040278549e+130,6.829822010544881e+130
1255,9.066652040278549e+130,6.829822010544881e+130
1256,9.066652040278549e+130,6.829822010544881e+130
1257,9.066652040278549e+130,6.829822010544881e+130
1258,9.066652040278549e+130,6.829822010544881e+130
1259,9.066652040278549e+130,6.829822010544881e+130
1260,9.066652040278549e+130,6.829822010544881e+130
1261,9.066652040278549e+130,6.829822010544881e+130
1262,9.066652040278549e+130,6.829822010544881e+130
1263,9.066652040278549e+130,6.829822010544881e+130
1264,9.066652040278549e+130,6.829822010544881e+130
1265,9.066652040278549e+130,6.829822010544881e+130
1266,9.066652040278549e+130,6.829822010544881e+130
1267,9.066652040278549e+130,6.829822010544881e+130
1268,9.066652040278549e+130,6.829822010544881e+130
1269,9.066652040278549e+130,6.829822010544881e+130
1270,9.066652040278549e+130,6.829822010544881e+130
1271,9.066652040278549e+130,6.829822010544881e+130
1272,9.066652040278549e+130,6.829822010544881e+130
1273,9.066652040278549e+130,6.829822010544881e+130
1274,9.066652040278549e+130,6.829822010544881e+130
1275,9.066652040278549e+130,6.829822010544881e+130
1276,9.066652040278549e+130,6.829822010544881e+130
1277,9.066652040278549e+130,6.829822010544881e+130
1278,9.066652040278549e+130,6.829822010544881e+130
1279,9.066652040278549e+130,6.829822010544881e+130
1280,9.066652040278549e+130,6.829822010544881e+130
1281,9.066652040278549e+130,6.829822010544881e+130
1282,9.066652040278549e+130,6.829822010544881e+130
1283,9.066652040278549e+130,6.829822010544881e+130
1284,6.588459632598942e+130,6.829822010544881e+130
1285,6.588459632598942e+130,6.829822010544881e+130
1286,6.588459632598942e+130,6.829822010544881e+130
1287,6.588459632598942e+130,6.829822010544881e+130
1288,6.588459632598942e+130,6.829822010544881e+130
1289,6.588459632598942e+130,6.829822010544881e+130
1290,1.0484306016796598e+130,6.829822010544881e+130
1291,1.0484306016796598e+130,6.829822010544881e+130
1292,1.0484306016796598e+130,6.829822010544881e+130
1293,1.0484306016796598e+130,6.829822010544881e+130
1294,1.0484306016796598e+130,6.829822010544881e+130
1295,1.0484306016796598e+130,6.829822010544881e+130
1296,1.0484306016796598e+130,6.829822010544881e+130
1297,1.0484306016796598e+130,6.829822010544881e+130
1298,1.0484306016796598e+130,6.829822010544881e+130
1299,1.0484306016796598e+130,6.829822010544881e+130
1300,1.0484306016796598e+130,6.829822010544881e+130
1301,1.0484306016796598e+130,6.829822010544881e+130
1302,1.0484306016796598e+130,6.829822010544881e+130
1303,1.0484306016796598e+130,6.829822010544881e+130
1304,1.0484306016796598e+130,6.829822010544881e+130
1305,1.0484306016796598e+130,6.829822010544881e+130
1306,1.0484306016796598e+130,6.829822010544881e+130
1307,1.0484306016796598e+130,6.829822010544881e+130
1308,1.0484306016796598e+130,6.829822010544881e+130
1309,1.0484306016796598e+130,6.829822010544881e+130
1310,1.0484306016796598e+130,6.829822010544881e+130
1311,1.0484306016796598e+130,6.829822010544881e+130
1312,1.0484306016796598e+130,6.829822010544881e+130
1313,1.0484306016796598e+130,6.829822010544881e+130
1314,1.0484306016796598e+130,6.829822010544881e+130
1315,1.0484306016796598e+130,6.829822010544881e+130
1316,1.0484306016796598e+130,6.829822010544881e+130
1317,1.0484306016796598e+130,6.829822010544881e+130
1318,1.0484306016796598e+130,6.829822010544881e+130
1319,1.0484306016796598e+130,6.829822010544881e+130
1320,1.0484306016796598e+130,6.829822010544881e+130
1321,1.0484306016796598e+130,6.829822010544881e+130
1322,1.0484306016796598e+130,6.829822010544881e+130
1323,1.0484306016796598e+130,6.829822010544881e+130
1324,1.0484306016796598e+130,6.829822010544881e+130
1325,1.0484306016796598e+130,6.829822010544881e+130
1326,1.0484306016796598e+130,6.829822010544881e+130
1327,1.0484306016796598e+130,6.829822010544881e+130
1328,1.0484306016796598e+130,6.829822010544881e+130
1329,1.0484306016796598e+130,6.829822010544881e+130
1330,1.0484306016796598e+130,6.829822010544881e+130
1331,1.0484306016796598e+130,6.829822010544881e+130
1332,1.0484306016796598e+130,6.829822010544881e+130
1333,1.0484306016796598e+130,6.829822010544881e+130
1334,1.0484306016796598e+130,6.829822010544881e+130
1335,1.0484306016796598e+130,6.829822010544881e+130
1336,1.0484306016796598e+130,6.829822010544881e+130
1337,1.0484306016796598e+130,6.829822010544881e+130
1338,1.0484306016796598e+130,6.829822010544881e+130
1339,1.0484306016796598e+130,6.829822010544881e+130
1340,1.0484306016796598e+130,6.829822010544881e+130
1341,1.0484306016796598e+130,6.829822010544881e+130
1342,1.0484306016796598e+130,6.829822010544881e+130
1343,1.0484306016796598e+130,6.829822010544881e+130
1344,1.0484306016796598e+130,6.829822010544881e+130
1345,1.0484306016796598e+130,6.829822010544881e+130
1346,1.0484306016796598e+130,6.829822010544881e+130
1347,1.0484306016796598e+130,6.829822010544881e+130
1348,1.0484306016796598e+130,6.829822010544881e+130
1349,1.0484306016796598e+130,6.829822010544881e+130
1350,1.0484306016796598e+130,6.829822010544881e+130
1351,1.0484306016796598e+130,6.829822010544881e+130
1352,1.0484306016796598e+130,6.829822010544881e+130
1353,1.0484306016796598e+130,6.829822010544881e+130
1354,1.0484306016796598e+130,6.829822010544881e+130
1355,1.0484306016796598e+130,6.829822010544881e+130
1356,1.0484306016796598e+130,6.829822010544881e+130
1357,1.0484306016796598e+130,6.829822010544881e+130
1358,1.0484306016796598e+130,6.829822010544881e+130
1359,1.0484306016796598e+130,6.829822010544881e+130
1360,1.0484306016796598e+130,6.829822010544881e+130
1361,1.0484306016796598e+130,6.829822010544881e+130
1362,1.0484306016796598e+130,6.156346451076878e+130
1363,1.0484306016796598e+130,6.156346451076878e+130
1364,1.0484306016796598e+130,6.156346451076878e+130
1365,1.0484306016796598e+130,6.156346451076878e+130
1366,1.0484306016796598e+130,6.156346451076878e+130
1367,1.0484306016796598e+130,6.156346451076878e+130
1368,1.0484306016796598e+130,6.156346451076878e+130
1369,1.0484306016796598e+130,6.156346451076878e+130
1370,1.0484306016796598e+130,6.156346451076878e+130
1371,1.0484306016796598e+130,6.156346451076878e+130
1372,1.0484306016796598e+130,6.156346451076878e+130
1373,1.0484306016796598e+130,6.156346451076878e+130
1374,1.0484306016796598e+130,6.156346451076878e+130
1375,1.0484306016796598e+130,6.156346451076878e+130
1376,1.0484306016796598e+130,6.156346451076878e+130
1377,1.0484306016796598e+130,6.156346451076878e+130
1378,1.0484306016796598e+130,6.156346451076878e+130
1379,1.0484306016796598e+130,6.156346451076878e+130
1380,1.0484306016796598e+130,6.156346451076878e+130
1381,1.0484306016796598e+130,6.156346451076878e+130
1382,1.0484306016796598e+130,6.156346451076878e+130
1383,1.0484306016796598e+130,6.156346451076878e+130
1384,1.0484306016796598e+130,6.156346451076878e+130
1385,1.0484306016796598e+130,6.156346451076878e+130
1386,1.0484306016796598e+130,6.156346451076878e+130
1387,1.0484306016796598e+130,6.156346451076878e+130
1388,1.0484306016796598e+130,6.156346451076878e+130
1389,1.0484306016796598e+130,6.156346451076878e+130
1390,1.0484306016796598e+130,6.156346451076878e+130
1391,1.0484306016796598e+130,6.156346451076878e+130
1392,1.0484306016796598e+130,6.156346451076878e+130
1393,1.0484306016796598e+130,6.156346451076878e+130
1394,1.0484306016796598e+130,6.156346451076878e+130
1395,1.0484306016796598e+130,6.156346451076878e+130
1396,1.0484306016796598e+130,6.156346451076878e+130
1397,1.0484306016796598e+130,6.156346451076878e+130
1398,1.0484306016796598e+130,6.156346451076878e+130
1399,1.0484306016796598e+130,6.156346451076878e+130
1400,1.0484306016796598e+130,6.156346451076878e+130
1401,1.0484306016796598e+130,6.156346451076878e+130
1402,1.0484306016796598e+130,6.156346451076878e+130
1403,1.0484306016796598e+130,6.156346451076878e+130
1404,1.0484306016796598e+130,6.156346451076878e+130
1405,1.0484306016796598e+130,6.156346451076878e+130
1406,1.0484306016796598e+130,6.156346451076878e+130
1407,8.686921807490139e+129,6.156346451076878e+130
1408,8.686921807490139e+129,6.156346451076878e+130
1409,8.686921807490139e+129,6.156346451076878e+130
1410,8.686921807490139e+129,6.156346451076878e+130
1411,8.686921807490139e+129,6.156346451076878e+130
1412,8.686921807490139e+129,6.156346451076878e+130
1413,8.686921807490139e+129,6.156346451076878e+130
1414,8.686921807490139e+129,6.156346451076878e+130
1415,8.686921807490139e+129,6.156346451076878e+130
1416,8.686921807490139e+129,6.156346451076878e+130
1417,8.686921807490139e+129,6.156346451076878e+130
1418,8.686921807490139e+129,6.156346451076878e+130
1419,8.686921807490139e+129,6.156346451076878e+130
1420,8.686921807490139e+129,6.156346451076878e+130
1421,8.686921807490139e+129,6.156346451076878e+130
1422,8.686921807490139e+129,6.156346451076878e+130
1423,8.686921807490139e+129,6.156346451076878e+130
1424,8.686921807490139e+129,6.156346451076878e+130
1425,8.686921807490139e+129,6.156346451076878e+130
1426,8.686921807490139e+129,2.136828028751157e+130
1427,8.686921807490139e+129,2.1368280287511567e+130
1428,8.686921807490139e+129,2.1368280287511567e+130
1429,8.686921807490139e+129,2.1368280287511567e+130
1430,8.686921807490139e+129,2.1368280287511567e+130
1431,8.686921807490139e+129,2.1368280287511567e+130
1432,4.891492504091886e+128,2.1368280287511567e+130
1433,4.891492504091886e+128,2.1368280287511567e+130
1434,4.891492504091886e+128,2.1368280287511567e+130
1435,4.891492504091886e+128,2.1368280287511567e+130
1436,4.891492504091886e+128,2.1368280287511567e+130
1437,4.891492504091886e+128,2.1368280287511567e+130
1438,4.891492504091886e+128,2.1368280287511567e+130
1439,4.891492504091886e+128,2.1368280287511567e+130
1440,4.891492504091886e+128,2.1368280287511567e+130
1441,4.891492504091886e+128,2.1368280287511567e+130
1442,4.891492504091886e+128,2.1368280287511567e+130
1443,4.891492504091886e+128,2.1368280287511567e+130
1444,4.891492504091886e+128,2.1368280287511567e+130
1445,4.891492504091886e+128,2.1368280287511567e+130
1446,4.891492504091886e+128,2.1368280287511567e+130
1447,4.891492504091886e+128,2.1368280287511567e+130
1448,4.891492504091886e+128,2.1368280287511567e+130
1449,4.891492504091886e+128,2.1368280287511567e+130
1450,4.891492504091886e+128,2.1368280287511567e+130
1451,4.891492504091886e+128,2.1368280287511567e+130
1452,4.891492504091886e+128,2.1368280287511567e+130
1453,4.891492504091886e+128,2.1368280287511567e+130
1454,4.891492504091886e+128,2.1368280287511567e+130
1455,4.891492504091886e+128,2.1368280287511567e+130
1456,4.891492504091886e+128,2.1368280287511567e+130
1457,4.891492504091886e+128,2.1368280287511567e+130
1458,4.891492504091886e+128,2.1368280287511567e+130
1459,4.891492504091886e+128,2.1368280287511567e+130
1460,4.891492504091886e+128,2.1368280287511567e+130
1461,4.891492504091886e+128,2.1368280287511567e+130
1462,4.891492504091886e+128,8.075484466488594e+129
1463,4.891492504091886e+128,8.075484466488594e+129
1464,4.891492504091886e+128,8.075484466488594e+129
1465,4.891492504091886e+128,8.075484466488592e+129
1466,4.891492504091886e+128,8.075484466488592e+129
1467,4.891492504091886e+128,8.075484466488592e+129
1468,4.891492504091886e+128,8.075484466488592e+129
1469,4.891492504091886e+128,8.075484466488592e+129
1470,4.891492504091886e+128,8.075484466488592e+129
1471,4.891492504091886e+128,8.075484466488592e+129
1472,4.891492504091886e+128,8.075484466488592e+129
1473,4.891492504091886e+128,8.075484466488592e+129
1474,4.891492504091886e+128,8.075484466488592e+129
1475,4.891492504091886e+128,8.075484466488592e+129
1476,4.891492504091886e+128,8.075484466488592e+129
1477,4.891492504091886e+128,8.075484466488592e+129
1478,4.891492504091886e+128,8.075484466488592e+129
1479,4.891492504091886e+128,8.075484466488592e+129
1480,3.37892772731812e+128,8.075484466488592e+129
1481,3.37892772731812e+128,8.075484466488592e+129
1482,3.37892772731812e+128,8.075484466488592e+129
1483,3.37892772731812e+128,8.075484466488592e+129
1484,3.37892772731812e+128,8.075484466488592e+129
1485,3.37892772731812e+128,8.075484466488592e+129
1486,3.37892772731812e+128,8.075484466488592e+129
1487,3.37892772731812e+128,8.075484466488592e+129
1488,3.37892772731812e+128,8.075484466488592e+129
1489,3.37892772731812e+128,8.075484466488592e+129
1490,3.37892772731812e+128,8.075484466488592e+129
1491,3.37892772731812e+128,8.075484466488592e+129
1492,3.37892772731812e+128,8.075484466488592e+129
1493,3.37892772731812e+128,8.075484466488592e+129
1494,3.37892772731812e+128,8.075484466488592e+129
1495,3.37892772731812e+128,8.075484466488592e+129
1496,3.37892772731812e+128,8.075484466488592e+129
1497,3.37892772731812e+128,8.075484466488592e+129
1498,3.37892772731812e+128,8.075484466488592e+129
1499,3.37892772731812e+128,8.075484466488592e+129
