pivot_dt,pivot_mu,pivot_r,pivot_sig,best_dt,best_mu,best_r,best_sig,inv_eff,mean_norm
0.01,0.1,0.05,0.0,0.020909090909090912,0.1,0.05,0.0,0.14957152663006607,2.8253166592834537e+148
0.01,0.1,0.05,0.05,0.01,0.1,0.05,0.05,0.054821361643761675,7.70843542136776e+148
0.01,0.1,0.05,0.1,0.015454545454545455,0.1,0.05,0.1,0.5859876567232777,7.211532889709717e+147
0.01,0.1,0.05,0.15,0.015454545454545455,0.1,0.05,0.15,0.7217460086951712,5.8550642587739424e+147
0.01,0.1,0.2,0.0,0.020909090909090912,0.1,0.2,0.05,0.24615305363965595,1.7167649139181935e+148
0.01,0.1,0.2,0.05,0.015454545454545455,0.1,0.2,0.05,0.9942068311291452,4.250493083641781e+147
0.01,0.1,0.2,0.1,0.01,0.1,0.2,0.1,1.0,4.225869259423844e+147
0.01,0.1,0.2,0.15,0.015454545454545455,0.1,0.2,0.15,0.95068946579664,4.4450574151284336e+147
0.01,0.1,0.4,0.0,0.04272727272727273,0.1,0.4,0.0,0.07210940986918261,5.860357569268991e+148
0.01,0.1,0.4,0.05,0.01,0.1,0.4,0.05,0.03854823777004641,1.096254849477846e+149
0.01,0.1,0.4,0.1,0.015454545454545455,0.1,0.4,0.1,0.9844996541514718,4.292402990294668e+147
0.01,0.1,0.4,0.15,0.020909090909090912,0.1,0.4,0.15,0.9926095104300516,4.257333034813429e+147
0.01,0.1,0.6,0.0,0.03727272727272728,0.1,0.6,0.05,0.9961304150330389,4.242285142235802e+147
0.01,0.1,0.6,0.05,0.01,0.1,0.6,0.05,0.8865780122444828,4.7664945453875276e+147
0.01,0.1,0.6,0.1,0.026363636363636367,0.1,0.6,0.05,0.9938869558528235,4.25186107387611e+147
0.01,0.1,0.6,0.15,0.020909090909090912,0.1,0.6,0.15,0.9838725331564362,4.2951389707633284e+147
0.01,0.3,0.05,0.0,0.015454545454545455,0.7,0.05,0.0,1.0,4.225869259423844e+147
0.01,0.3,0.05,0.05,0.015454545454545455,0.3,0.05,0.05,0.9964517362546153,4.240917152001471e+147
0.01,0.3,0.05,0.1,0.015454545454545455,0.3,0.05,0.1,0.5947408263220699,7.105396287584618e+147
0.01,0.3,0.05,0.15,0.015454545454545455,0.3,0.05,0.15,0.9958093009746214,4.2436531324701314e+147
0.01,0.3,0.2,0.0,0.020909090909090912,0.3,0.2,0.05,0.9974169449049713,4.236813181298482e+147
0.01,0.3,0.2,0.05,0.020909090909090912,0.3,0.2,0.05,0.9970950009896544,4.238181171532812e+147
0.01,0.3,0.2,0.1,0.01,0.3,0.2,0.1,0.9804375989741301,4.310186863340956e+147
0.01,0.3,0.2,0.15,0.03727272727272728,0.3,0.2,0.15,0.06097596303999683,6.930385431800247e+148
0.01,0.3,0.4,0.0,0.03727272727272728,0.1,0.4,0.0,0.03905611053400413,1.0819995134294284e+149
0.01,0.3,0.4,0.05,0.020909090909090912,0.3,0.4,0.05,0.03726775895026512,1.133920948953058e+149
0.01,0.3,0.4,0.1,0.015454545454545455,0.3,0.4,0.1,0.9849133822006465,4.2905999002488424e+147
0.01,0.3,0.4,0.15,0.01,0.3,0.4,0.15,0.040454115545988066,1.0446079965881083e+149
0.01,0.3,0.6,0.0,0.03727272727272728,0.5,0.6,0.0,0.035838038776760055,1.1791575107520114e+149
0.01,0.3,0.6,0.05,0.026363636363636367,0.3,0.6,0.05,0.9863296948135053,4.284438846001559e+147
0.01,0.3,0.6,0.1,0.020909090909090912,0.3,0.6,0.1,0.03963655643941686,1.0661544894503997e+149
0.01,0.3,0.6,0.15,0.015454545454545455,0.3,0.4,0.15,0.9717609317580226,4.348671696215221e+147
0.01,0.5,0.05,0.0,0.015454545454545455,0.5,0.2,0.05,0.9928270642018965,4.256400144390596e+147
0.01,0.5,0.05,0.05,0.01,0.5,0.05,0.05,0.9880636676611441,4.276919997905544e+147
0.01,0.5,0.05,0.1,0.01,0.5,0.05,0.1,0.9819959547006618,4.303346912169307e+147
0.01,0.5,0.05,0.15,0.020909090909090912,0.5,0.05,0.15,0.9993529827653694,4.228605239892504e+147
0.01,0.5,0.2,0.0,0.03727272727272728,0.5,0.2,0.0,0.0839837269735924,5.031771524920077e+148
0.01,0.5,0.2,0.05,0.015454545454545455,0.5,0.2,0.05,0.9922906620044906,4.25870102504776e+147
0.01,0.5,0.2,0.1,0.01,0.5,0.2,0.1,0.9747585943923239,4.335298281784631e+147
0.01,0.5,0.2,0.15,0.01,0.5,0.2,0.15,0.9772254786982354,4.324354359909993e+147
0.01,0.5,0.4,0.0,0.020909090909090912,0.5,0.4,0.05,0.991234170419512,4.263240095562246e+147
0.01,0.5,0.4,0.05,0.015454545454545455,0.5,0.4,0.05,0.9872168033300125,4.280588868797036e+147
0.01,0.5,0.4,0.1,0.020909090909090912,0.5,0.4,0.1,0.04614664208731995,9.157479435724786e+148
0.01,0.5,0.4,0.15,0.015454545454545455,0.5,0.4,0.15,0.051821568771248695,8.154653283611926e+148
0.01,0.5,0.6,0.0,0.04818181818181819,0.5,0.6,0.0,0.04264775604609499,9.908772819972982e+148
0.01,0.5,0.6,0.05,0.026363636363636367,0.5,0.6,0.05,0.9922906620044906,4.25870102504776e+147
0.01,0.5,0.6,0.1,0.020909090909090912,0.5,0.6,0.1,0.968574505392597,4.3629780010686446e+147
0.01,0.5,0.6,0.15,0.015454545454545455,0.5,0.6,0.15,0.04014818601854795,1.0525679186281408e+149
0.01,0.7,0.05,0.0,0.03727272727272728,0.7,0.05,0.0,0.0422411545821763,1.0004151878005138e+149
0.01,0.7,0.05,0.05,0.01,0.7,0.05,0.05,0.964575055721804,4.3810683620276404e+147
0.01,0.7,0.05,0.1,0.015454545454545455,0.7,0.05,0.1,0.9967732648398879,4.239549161767142e+147
0.01,0.7,0.05,0.15,0.015454545454545455,0.7,0.05,0.15,0.9948471997768125,4.247757103173121e+147
0.01,0.7,0.2,0.0,0.020909090909090912,0.7,0.2,0.05,0.21995114574025834,1.9212763112469526e+148
0.01,0.7,0.2,0.05,0.015454545454545455,0.7,0.2,0.05,0.9899635308007041,4.268712056499565e+147
0.01,0.7,0.2,0.1,0.01,0.7,0.2,0.1,0.980126521159672,4.311554853575286e+147
0.01,0.7,0.2,0.15,0.015454545454545455,0.7,0.2,0.15,0.040384421509811926,1.0464107448950614e+149
0.01,0.7,0.4,0.0,0.026363636363636367,0.7,0.4,0.05,0.9980614568377804,4.234077200829823e+147
0.01,0.7,0.4,0.05,0.01,0.7,0.4,0.05,0.9478329684655111,4.458453546161505e+147
0.01,0.7,0.4,0.1,0.015454545454545455,0.7,0.4,0.1,0.0380368922244857,1.1109922531219578e+149
0.01,0.7,0.4,0.15,0.020909090909090912,0.7,0.4,0.15,0.9883798049565928,4.275552007671215e+147
0.01,0.7,0.6,0.0,0.0590909090909091,0.7,0.6,0.0,0.038981175111492856,1.0840794940986597e+149
0.01,0.7,0.6,0.05,0.026363636363636367,0.7,0.6,0.05,0.9910173140988588,4.264172985985079e+147
0.01,0.7,0.6,0.1,0.020909090909090912,0.7,0.6,0.1,0.039365762075562714,1.0734884926937965e+149
0.01,0.7,0.6,0.15,0.015454545454545455,0.7,0.6,0.15,0.040722570414092184,1.037721640960431e+149
0.015454545454545455,0.1,0.05,0.0,0.01,0.1,0.05,0.05,0.9894302175158156,4.271012937156728e+147
0.015454545454545455,0.1,0.05,0.05,0.020909090909090912,0.1,0.05,0.05,0.9990297880199903,4.2299732301268334e+147
0.015454545454545455,0.1,0.05,0.1,0.015454545454545455,0.1,0.05,0.1,0.9964517362546153,4.240917152001471e+147
0.015454545454545455,0.1,0.05,0.15,0.01,0.1,0.05,0.15,0.03720592846133765,1.1358053498960883e+149
0.015454545454545455,0.1,0.2,0.0,0.020909090909090912,0.1,0.2,0.05,0.9977390967871543,4.2354451910641526e+147
0.015454545454545455,0.1,0.2,0.05,0.015454545454545455,0.1,0.2,0.05,0.03886964896665683,1.0871899725796032e+149
0.015454545454545455,0.1,0.2,0.1,0.020909090909090912,0.1,0.2,0.1,0.9980614568377804,4.234077200829823e+147
0.015454545454545455,0.1,0.2,0.15,0.01,0.1,0.05,0.15,0.853084919097809,4.953632592512556e+147
0.015454545454545455,0.1,0.4,0.0,0.03181818181818182,0.1,0.4,0.0,0.03874178861358461,1.0907780488849356e+149
0.015454545454545455,0.1,0.4,0.05,0.026363636363636367,0.1,0.4,0.05,0.04020024514838459,1.0512048480862702e+149
0.015454545454545455,0.1,0.4,0.1,0.015454545454545455,0.1,0.4,0.1,0.9751900948130552,4.333380006524725e+147
0.015454545454545455,0.1,0.4,0.15,0.015454545454545455,0.1,0.4,0.15,0.03784782665258364,1.1165421196345947e+149
0.015454545454545455,0.1,0.6,0.0,0.020909090909090912,0.1,0.6,0.0,0.03787416917989427,1.1157655338528646e+149
0.015454545454545455,0.1,0.6,0.05,0.015454545454545455,0.1,0.6,0.05,0.8754590129712058,4.827032672930897e+147
0.015454545454545455,0.1,0.6,0.1,0.03727272727272728,0.1,0.6,0.1,0.9951676935464008,4.246389112938792e+147
0.015454545454545455,0.1,0.6,0.15,0.015454545454545455,0.1,0.6,0.15,0.038702386988052014,1.09188853409182e+149
0.015454545454545455,0.3,0.05,0.0,0.03727272727272728,0.3,0.05,0.0,0.03955972033169241,1.0682252614506935e+149
0.015454545454545455,0.3,0.05,0.05,0.015454545454545455,0.3,0.05,0.05,0.9970950009896544,4.238181171532812e+147
0.015454545454545455,0.3,0.05,0.1,0.015454545454545455,0.3,0.05,0.1,0.9945269123708108,4.24912509340745e+147
0.015454545454545455,0.3,0.05,0.15,0.015454545454545455,0.3,0.05,0.15,0.9937852602019379,4.2522961736876075e+147
0.015454545454545455,0.3,0.2,0.0,0.03181818181818182,0.3,0.2,0.0,0.041523628549673994,1.0177023075833824e+149
0.015454545454545455,0.3,0.2,0.05,0.026363636363636367,0.3,0.2,0.05,1.0,4.225869259423844e+147
0.015454545454545455,0.3,0.2,0.1,0.01,0.3,0.2,0.1,0.04268751117963706,9.899544720798064e+148
0.015454545454545455,0.3,0.2,0.15,0.026363636363636367,0.3,0.2,0.15,0.9983840252586861,4.232709210595493e+147
0.015454545454545455,0.3,0.4,0.0,0.015454545454545455,0.1,0.2,0.0,1.0,4.225869259423844e+147
0.015454545454545455,0.3,0.4,0.05,0.03181818181818182,0.3,0.4,0.05,0.9970950009896544,4.238181171532812e+147
0.015454545454545455,0.3,0.4,0.1,0.01,0.3,0.4,0.1,0.7328207125010264,5.7665799933540025e+147
0.015454545454545455,0.3,0.4,0.15,0.015454545454545455,0.3,0.4,0.15,0.9849133822006465,4.2905999002488424e+147
0.015454545454545455,0.3,0.6,0.0,0.01,0.3,0.6,0.0,0.043655637749694436,9.680008075138985e+148
0.015454545454545455,0.3,0.6,0.05,0.01,0.3,0.6,0.05,0.03845438925075773,1.0989302760387944e+149
0.015454545454545455,0.3,0.6,0.1,0.020909090909090912,0.3,0.6,0.1,0.0392808765415062,1.0758082892978655e+149
0.015454545454545455,0.3,0.6,0.15,0.020909090909090912,0.3,0.6,0.15,0.9787855326305531,4.3174619143241025e+147
0.015454545454545455,0.5,0.05,0.0,0.020909090909090912,0.3,0.05,0.0,0.04251718762486023,9.939202227366833e+148
0.015454545454545455,0.5,0.05,0.05,0.01,0.5,0.05,0.05,0.9848135145400635,4.291035000060339e+147
0.015454545454545455,0.5,0.05,0.1,0.015454545454545455,0.5,0.05,0.1,0.9977390967871543,4.2354451910641526e+147
0.015454545454545455,0.5,0.05,0.15,0.020909090909090912,0.5,0.05,0.15,0.9987068022519696,4.231341220361163e+147
0.015454545454545455,0.5,0.2,0.0,0.03727272727272728,0.5,0.2,0.05,1.0,4.225869259423844e+147
0.015454545454545455,0.5,0.2,0.05,0.020909090909090912,0.5,0.2,0.05,0.9973145256234183,4.23724828110998e+147
0.015454545454545455,0.5,0.2,0.1,0.01,0.5,0.2,0.1,0.9679177918988348,4.365938197224011e+147
0.015454545454545455,0.5,0.2,0.15,0.020909090909090912,0.5,0.2,0.15,0.9993529827653694,4.228605239892504e+147
0.015454545454545455,0.5,0.4,0.0,0.020909090909090912,0.5,0.4,0.05,0.03882268374068906,1.088505186207624e+149
0.015454545454545455,0.5,0.4,0.05,0.015454545454545455,0.5,0.4,0.05,0.9850132701179809,4.290164800437345e+147
0.015454545454545455,0.5,0.4,0.1,0.015454545454545455,0.5,0.4,0.1,0.9919720183556744,4.260069015282089e+147
0.015454545454545455,0.5,0.4,0.15,0.015454545454545455,0.5,0.4,0.15,0.9855418311970318,4.287863919780183e+147
0.015454545454545455,0.5,0.6,0.0,0.026363636363636367,0.3,0.6,0.05,0.9887968013272651,4.273748917625387e+147
0.015454545454545455,0.5,0.6,0.05,0.015454545454545455,0.3,0.6,0.05,0.9555954518721023,4.422236680956324e+147
0.015454545454545455,0.5,0.6,0.1,0.03181818181818182,0.5,0.6,0.1,0.9928270642018964,4.256400144390597e+147
0.015454545454545455,0.5,0.6,0.15,0.01,0.5,0.6,0.15,0.9233859943496227,4.5764926967516884e+147
0.015454545454545455,0.7,0.05,0.0,0.03727272727272728,0.7,0.05,0.0,0.03555729989571954,1.1884674235156317e+149
0.015454545454545455,0.7,0.05,0.05,0.015454545454545455,0.7,0.05,0.05,0.9977390967871543,4.2354451910641526e+147
0.015454545454545455,0.7,0.05,0.1,0.015454545454545455,0.7,0.05,0.1,0.9948471997768125,4.247757103173121e+147
0.015454545454545455,0.7,0.05,0.15,0.015454545454545455,0.7,0.2,0.15,0.03933754293389118,1.0742585693584473e+149
0.015454545454545455,0.7,0.2,0.0,0.026363636363636367,0.7,0.2,0.0,0.040003185379797246,1.0563831903141466e+149
0.015454545454545455,0.7,0.2,0.05,0.015454545454545455,0.7,0.2,0.05,0.9902808852069689,4.267344066265236e+147
0.015454545454545455,0.7,0.2,0.1,0.015454545454545455,0.7,0.2,0.1,0.989272968079846,4.271691834081093e+147
0.015454545454545455,0.7,0.2,0.15,0.015454545454545455,0.7,0.2,0.15,0.9948471997768125,4.247757103173121e+147
0.015454545454545455,0.7,0.4,0.0,0.01,0.7,0.4,0.05,0.03887367099387361,1.0870774875081466e+149
0.015454545454545455,0.7,0.4,0.05,0.020909090909090912,0.7,0.4,0.05,0.9889119861712139,4.273251127014052e+147
0.015454545454545455,0.7,0.4,0.1,0.01,0.7,0.4,0.1,0.05415589785076187,7.803156123584412e+148
0.015454545454545455,0.7,0.4,0.15,0.015454545454545455,0.7,0.4,0.15,0.984185993753959,4.293770980528999e+147
0.015454545454545455,0.7,0.6,0.0,0.01,0.7,0.6,0.1,0.927499229022009,4.556197058923449e+147
0.015454545454545455,0.7,0.6,0.05,0.01,0.7,0.6,0.05,0.03892463134299309,1.0856542794680963e+149
0.015454545454545455,0.7,0.6,0.1,0.026363636363636367,0.7,0.6,0.1,1.0,4.225869259423844e+147
0.015454545454545455,0.7,0.6,0.15,0.01,0.7,0.6,0.15,0.040211003400221164,1.0509236035131124e+149
0.020909090909090912,0.1,0.05,0.0,0.04272727272727273,0.1,0.05,0.0,1.0,4.225869259423844e+147
0.020909090909090912,0.1,0.05,0.05,0.020909090909090912,0.1,0.05,0.05,0.217780173646496,1.940428822636232e+148
0.020909090909090912,0.1,0.05,0.1,0.01,0.1,0.05,0.1,0.6721295010672306,6.287284299697993e+147
0.020909090909090912,0.1,0.05,0.15,0.026363636363636367,0.1,0.05,0.15,0.9983840252586861,4.232709210595493e+147
0.020909090909090912,0.1,0.2,0.0,0.03727272727272728,0.1,0.2,0.0,0.1550262309284546,2.72590595418275e+148
0.020909090909090912,0.1,0.2,0.05,0.020909090909090912,0.1,0.2,0.05,0.9973145256234183,4.23724828110998e+147
0.020909090909090912,0.1,0.2,0.1,0.020909090909090912,0.1,0.2,0.1,1.0,4.225869259423844e+147
0.020909090909090912,0.1,0.2,0.15,0.015454545454545455,0.1,0.2,0.15,0.9926095104300516,4.257333034813429e+147
0.020909090909090912,0.1,0.4,0.0,0.01,0.1,0.4,0.0,0.04856447263759501,8.701565218176568e+148
0.020909090909090912,0.1,0.4,0.05,0.01,0.1,0.4,0.1,0.9623759628894593,4.3910793934794456e+147
0.020909090909090912,0.1,0.4,0.1,0.020909090909090912,0.1,0.4,0.1,0.9912341704195119,4.2632400955622465e+147
0.020909090909090912,0.1,0.4,0.15,0.020909090909090912,0.1,0.4,0.15,0.03980205178883779,1.0617214614571602e+149
0.020909090909090912,0.1,0.6,0.0,0.026363636363636367,0.1,0.6,0.05,0.043613243494119505,9.68941752748481e+148
0.020909090909090912,0.1,0.6,0.05,0.020909090909090912,0.1,0.6,0.05,0.9820396106808833,4.3031556094706785e+147
0.020909090909090912,0.1,0.6,0.1,0.01,0.1,0.6,0.1,0.9055111376140322,4.666833000595395e+147
0.020909090909090912,0.1,0.6,0.15,0.020909090909090912,0.1,0.6,0.15,0.04095408534225137,1.0318553629286196e+149
0.020909090909090912,0.3,0.05,0.0,0.03181818181818182,0.3,0.05,0.0,0.040279452784302096,1.0491377035466505e+149
0.020909090909090912,0.3,0.05,0.05,0.01,0.3,0.05,0.05,1.0,4.225869259423844e+147
0.020909090909090912,0.3,0.05,0.1,0.020909090909090912,0.3,0.05,0.1,0.22781769207480917,1.854934628183391e+148
0.020909090909090912,0.3,0.05,0.15,0.020909090909090912,0.3,0.05,0.15,0.9964517362546153,4.240917152001471e+147
0.020909090909090912,0.3,0.2,0.0,0.015454545454545455,0.1,0.2,0.05,0.9899635308007041,4.268712056499565e+147
0.020909090909090912,0.3,0.2,0.05,0.020909090909090912,0.3,0.2,0.05,0.038290929817848936,1.1036214789054293e+149
0.020909090909090912,0.3,0.2,0.1,0.020909090909090912,0.3,0.2,0.1,0.9974169449049713,4.236813181298482e+147
0.020909090909090912,0.3,0.2,0.15,0.020909090909090912,0.3,0.2,0.15,0.03899854799282901,1.083596563697933e+149
0.020909090909090912,0.3,0.4,0.0,0.03727272727272728,0.3,0.4,0.0,0.036740143507176574,1.1502048865428059e+149
0.020909090909090912,0.3,0.4,0.05,0.020909090909090912,0.3,0.4,0.05,0.9935672863431074,4.25322906411044e+147
0.020909090909090912,0.3,0.4,0.1,0.01,0.3,0.4,0.1,0.9417585104543176,4.48721111889419e+147
0.020909090909090912,0.3,0.4,0.15,0.015454545454545455,0.3,0.4,0.15,0.984285734177783,4.293335880717501e+147
0.020909090909090912,0.3,0.6,0.0,0.026363636363636367,0.3,0.6,0.0,0.0407277835166414,1.0375888139596773e+149
0.020909090909090912,0.3,0.6,0.05,0.015454545454545455,0.3,0.6,0.05,1.0,4.225869259423844e+147
0.020909090909090912,0.3,0.6,0.1,0.01,0.3,0.6,0.1,0.5922388459736178,7.13541384215802e+147
0.020909090909090912,0.3,0.6,0.15,0.020909090909090912,0.3,0.6,0.15,0.03838789235490931,1.1008338828175885e+149
0.020909090909090912,0.5,0.05,0.0,0.04818181818181819,0.5,0.05,0.0,1.0,4.225869259423844e+147
0.020909090909090912,0.5,0.05,0.05,0.020909090909090912,0.5,0.05,0.05,0.9987068022519696,4.231341220361163e+147
0.020909090909090912,0.5,0.05,0.1,0.020909090909090912,0.5,0.05,0.1,0.9967732648398879,4.239549161767142e+147
0.020909090909090912,0.5,0.05,0.15,0.020909090909090912,0.5,0.05,0.15,1.0,4.225869259423844e+147
0.020909090909090912,0.5,0.2,0.0,0.020909090909090912,0.5,0.2,0.0,0.06859547464076991,6.160565666400662e+148
0.020909090909090912,0.5,0.2,0.05,0.015454545454545455,0.5,0.2,0.05,0.9935672863431074,4.25322906411044e+147
0.020909090909090912,0.5,0.2,0.1,0.020909090909090912,0.5,0.2,0.1,0.9970950009896544,4.238181171532812e+147
0.020909090909090912,0.5,0.2,0.15,0.020909090909090912,0.5,0.2,0.15,0.9993529827653694,4.228605239892504e+147
0.020909090909090912,0.5,0.4,0.0,0.020909090909090912,0.5,0.4,0.0,0.03715739849491345,1.1372887851667902e+149
0.020909090909090912,0.5,0.4,0.05,0.020909090909090912,0.5,0.4,0.05,0.9945269123708106,4.2491250934074505e+147
0.020909090909090912,0.5,0.4,0.1,0.020909090909090912,0.5,0.4,0.1,0.9938869558528235,4.25186107387611e+147
0.020909090909090912,0.5,0.4,0.15,0.020909090909090912,0.5,0.4,0.15,0.9665494971515467,4.3721188328974565e+147
0.020909090909090912,0.5,0.6,0.0,0.015454545454545455,0.3,0.6,0.05,0.9628805024171344,4.3887785128222834e+147
0.020909090909090912,0.5,0.6,0.05,0.01,0.5,0.6,0.05,0.046219381696016325,9.143067484583149e+148
0.020909090909090912,0.5,0.6,0.1,0.01,0.5,0.6,0.1,0.04152929402548867,1.0175634714209711e+149
0.020909090909090912,0.5,0.6,0.15,0.020909090909090912,0.5,0.6,0.15,0.5010670848683682,8.433739487266446e+147
0.020909090909090912,0.7,0.05,0.0,0.01,0.5,0.05,0.0,0.09375274703649109,4.507461800323592e+148
0.020909090909090912,0.7,0.05,0.05,0.020909090909090912,0.7,0.05,0.05,0.9983840252586861,4.232709210595493e+147
0.020909090909090912,0.7,0.05,0.1,0.020909090909090912,0.7,0.05,0.1,0.040564887575317156,1.0417554471407417e+149
0.020909090909090912,0.7,0.05,0.15,0.020909090909090912,0.7,0.05,0.15,0.9993529827653694,4.228605239892504e+147
0.020909090909090912,0.7,0.2,0.0,0.020909090909090912,0.7,0.2,0.05,0.9970950009896544,4.238181171532812e+147
0.020909090909090912,0.7,0.2,0.05,0.020909090909090912,0.7,0.2,0.05,0.039556165144288766,1.0683212702771283e+149
0.020909090909090912,0.7,0.2,0.1,0.020909090909090912,0.7,0.2,0.1,0.9980614568377804,4.234077200829823e+147
0.020909090909090912,0.7,0.2,0.15,0.020909090909090912,0.7,0.2,0.15,0.9990297880199903,4.2299732301268334e+147
0.020909090909090912,0.7,0.4,0.0,0.04272727272727273,0.7,0.4,0.05,0.9993529827653694,4.228605239892504e+147
0.020909090909090912,0.7,0.4,0.05,0.020909090909090912,0.7,0.4,0.05,0.9918707141844926,4.2605041150935855e+147
0.020909090909090912,0.7,0.4,0.1,0.01,0.7,0.4,0.1,0.037915194050704315,1.1145582569807115e+149
0.020909090909090912,0.7,0.4,0.15,0.020909090909090912,0.7,0.4,0.15,0.2348037151938066,1.7997454835566884e+148
0.020909090909090912,0.7,0.6,0.0,0.015454545454545455,0.7,0.6,0.05,0.9521199676832521,4.438378988843653e+147
0.020909090909090912,0.7,0.6,0.05,0.05363636363636364,0.7,0.6,0.05,0.9990297880199903,4.2299732301268334e+147
0.020909090909090912,0.7,0.6,0.1,0.020909090909090912,0.7,0.6,0.1,0.9705940410364283,4.353899860039671e+147
0.020909090909090912,0.7,0.6,0.15,0.026363636363636367,0.7,0.6,0.15,0.991653579286393,4.261437005516418e+147
0.026363636363636367,0.1,0.05,0.0,0.026363636363636367,0.3,0.2,0.05,0.9993529827653694,4.228605239892504e+147
0.026363636363636367,0.1,0.05,0.05,0.01,0.1,0.05,0.05,0.04131602007031245,1.0228161503049357e+149
0.026363636363636367,0.1,0.05,0.1,0.026363636363636367,0.1,0.05,0.1,1.0,4.225869259423844e+147
0.026363636363636367,0.1,0.05,0.15,0.026363636363636367,0.1,0.05,0.15,0.9996763866909906,4.227237249658174e+147
0.026363636363636367,0.1,0.2,0.0,0.026363636363636367,0.1,0.2,0.05,0.9996763866909906,4.227237249658174e+147
0.026363636363636367,0.1,0.2,0.05,0.026363636363636367,0.1,0.2,0.05,0.03910504203896408,1.080645624984422e+149
0.026363636363636367,0.1,0.2,0.1,0.026363636363636367,0.1,0.2,0.1,0.20996151343079028,2.0126875589591422e+148
0.026363636363636367,0.1,0.2,0.15,0.026363636363636367,0.1,0.2,0.15,0.9993529827653694,4.228605239892504e+147
0.026363636363636367,0.1,0.4,0.0,0.03727272727272728,0.1,0.4,0.0,0.09985994084779731,4.231796277412934e+148
0.026363636363636367,0.1,0.4,0.05,0.026363636363636367,0.1,0.4,0.05,0.9970950009896544,4.238181171532812e+147
0.026363636363636367,0.1,0.4,0.1,0.026363636363636367,0.1,0.4,0.1,0.9996763866909906,4.227237249658174e+147
0.026363636363636367,0.1,0.4,0.15,0.026363636363636367,0.1,0.4,0.15,0.9993529827653694,4.228605239892504e+147
0.026363636363636367,0.1,0.6,0.0,0.026363636363636367,0.1,0.6,0.05,0.989329431810967,4.2714480369682246e+147
0.026363636363636367,0.1,0.6,0.05,0.026363636363636367,0.1,0.6,0.05,0.9872168033300124,4.2805888687970365e+147
0.026363636363636367,0.1,0.6,0.1,0.026363636363636367,0.1,0.6,0.1,0.9894302175158156,4.271012937156728e+147
0.026363636363636367,0.1,0.6,0.15,0.026363636363636367,0.1,0.6,0.15,0.04000602644919247,1.0563081701679834e+149
0.026363636363636367,0.3,0.05,0.0,0.026363636363636367,0.3,0.05,0.0,0.1590677227526503,2.656647864378529e+148
0.026363636363636367,0.3,0.05,0.05,0.026363636363636367,0.3,0.05,0.05,0.9996763866909906,4.227237249658174e+147
0.026363636363636367,0.3,0.05,0.1,0.026363636363636367,0.3,0.05,0.1,1.0,4.225869259423844e+147
0.026363636363636367,0.3,0.05,0.15,0.026363636363636367,0.3,0.05,0.15,1.0,4.225869259423844e+147
0.026363636363636367,0.3,0.2,0.0,0.020909090909090912,0.3,0.2,0.0,0.04726091720381978,8.94157267663501e+148
0.026363636363636367,0.3,0.2,0.05,0.026363636363636367,0.3,0.2,0.05,0.9996763866909906,4.227237249658174e+147
0.026363636363636367,0.3,0.2,0.1,0.026363636363636367,0.3,0.2,0.1,1.0,4.225869259423844e+147
0.026363636363636367,0.3,0.2,0.15,0.026363636363636367,0.3,0.2,0.15,0.6744912162735255,6.2652695208859964e+147
0.026363636363636367,0.3,0.4,0.0,0.020909090909090912,0.5,0.4,0.0,0.037560016966722266,1.1250978036479361e+149
0.026363636363636367,0.3,0.4,0.05,0.026363636363636367,0.3,0.4,0.05,0.9948471997768125,4.247757103173121e+147
0.026363636363636367,0.3,0.4,0.1,0.026363636363636367,0.3,0.4,0.1,0.9954883938790826,4.245021122704461e+147
0.026363636363636367,0.3,0.4,0.15,0.020909090909090912,0.3,0.4,0.15,0.05186434585920281,8.147927423775665e+148
0.026363636363636367,0.3,0.6,0.0,0.020909090909090912,0.3,0.6,0.05,0.9756391224967996,4.33138561378027e+147
0.026363636363636367,0.3,0.6,0.05,0.026363636363636367,0.3,0.6,0.05,0.987747732536626,4.278287988139874e+147
0.026363636363636367,0.3,0.6,0.1,0.026363636363636367,0.3,0.6,0.1,0.986486009874148,4.2837599490771934e+147
0.026363636363636367,0.3,0.6,0.15,0.026363636363636367,0.3,0.6,0.15,0.040776980965487715,1.0363369625133551e+149
0.026363636363636367,0.5,0.05,0.0,0.05363636363636364,0.5,0.05,0.0,0.04226012702192678,9.99966057184646e+148
0.026363636363636367,0.5,0.05,0.05,0.026363636363636367,0.5,0.05,0.05,1.0,4.225869259423844e+147
0.026363636363636367,0.5,0.05,0.1,0.015454545454545455,0.5,0.05,0.1,0.05382852416151366,7.850613267315358e+148
0.026363636363636367,0.5,0.05,0.15,0.020909090909090912,0.5,0.05,0.15,0.9983840252586861,4.232709210595493e+147
0.026363636363636367,0.5,0.2,0.0,0.04272727272727273,0.5,0.2,0.0,0.06419520922807807,6.58284210027235e+148
0.026363636363636367,0.5,0.2,0.05,0.01,0.5,0.2,0.05,0.04142261038862766,1.020184198865466e+149
0.026363636363636367,0.5,0.2,0.1,0.026363636363636367,0.5,0.2,0.1,0.9993529827653694,4.228605239892504e+147
0.026363636363636367,0.5,0.2,0.15,0.026363636363636367,0.5,0.2,0.15,0.9980614568377804,4.234077200829823e+147
0.026363636363636367,0.5,0.4,0.0,0.020909090909090912,0.5,0.4,0.05,0.9818966777731614,4.3037820119808046e+147
0.026363636363636367,0.5,0.4,0.05,0.026363636363636367,0.5,0.4,0.05,0.9967732648398879,4.239549161767142e+147
0.026363636363636367,0.5,0.4,0.1,0.026363636363636367,0.5,0.4,0.1,0.9951676935464009,4.246389112938791e+147
0.026363636363636367,0.5,0.4,0.15,0.026363636363636367,0.5,0.4,0.15,0.988539128407413,4.274862914361251e+147
0.026363636363636367,0.5,0.6,0.0,0.04272727272727273,0.5,0.6,0.05,0.9977390967871543,4.2354451910641526e+147
0.026363636363636367,0.5,0.6,0.05,0.026363636363636367,0.5,0.6,0.05,0.9926095104300516,4.257333034813429e+147
0.026363636363636367,0.5,0.6,0.1,0.026363636363636367,0.5,0.6,0.1,0.9900644457483542,4.268276956688068e+147
0.026363636363636367,0.5,0.6,0.15,0.026363636363636367,0.5,0.6,0.15,0.4783945523067521,8.833439342164934e+147
0.026363636363636367,0.7,0.05,0.0,0.03727272727272728,0.7,0.05,0.0,0.1577963028768988,2.6780534032667164e+148
0.026363636363636367,0.7,0.05,0.05,0.026363636363636367,0.7,0.05,0.05,0.9990297880199903,4.2299732301268334e+147
0.026363636363636367,0.7,0.05,0.1,0.026363636363636367,0.7,0.05,0.1,1.0,4.225869259423844e+147
0.026363636363636367,0.7,0.05,0.15,0.026363636363636367,0.7,0.05,0.15,1.0,4.225869259423844e+147
0.026363636363636367,0.7,0.2,0.0,0.04272727272727273,0.7,0.2,0.0,0.07172731022431394,5.891576369179629e+148
0.026363636363636367,0.7,0.2,0.05,0.04272727272727273,0.7,0.2,0.05,1.0,4.225869259423844e+147
0.026363636363636367,0.7,0.2,0.1,0.026363636363636367,0.7,0.2,0.1,0.9993529827653694,4.228605239892504e+147
0.026363636363636367,0.7,0.2,0.15,0.026363636363636367,0.7,0.2,0.15,0.9990297880199903,4.2299732301268334e+147
0.026363636363636367,0.7,0.4,0.0,0.01,0.7,0.4,0.0,0.043128506324222465,9.798320460382949e+148
0.026363636363636367,0.7,0.4,0.05,0.026363636363636367,0.7,0.4,0.05,0.19233431367784057,2.1971478612506779e+148
0.026363636363636367,0.7,0.4,0.1,0.026363636363636367,0.7,0.4,0.1,0.9974169449049713,4.236813181298482e+147
0.026363636363636367,0.7,0.4,0.15,0.026363636363636367,0.7,0.4,0.15,0.9974169449049713,4.236813181298482e+147
0.026363636363636367,0.7,0.6,0.0,0.03181818181818182,0.5,0.6,0.0,0.1566821882848466,2.697096144547878e+148
0.026363636363636367,0.7,0.6,0.05,0.020909090909090912,0.7,0.6,0.05,0.04210744310526637,1.0035919893923255e+149
0.026363636363636367,0.7,0.6,0.1,0.026363636363636367,0.7,0.6,0.1,0.9929285638298206,4.2559650445790995e+147
0.026363636363636367,0.7,0.6,0.15,0.026363636363636367,0.7,0.6,0.15,0.0561002868007925,7.532705268387589e+148
0.03181818181818182,0.1,0.05,0.0,0.01,0.1,0.05,0.05,0.9922906620044906,4.25870102504776e+147
0.03181818181818182,0.1,0.05,0.05,0.03181818181818182,0.1,0.05,0.05,0.040628319062307294,1.040128993016689e+149
0.03181818181818182,0.1,0.05,0.1,0.04272727272727273,0.1,0.05,0.1,1.0,4.225869259423844e+147
0.03181818181818182,0.1,0.05,0.15,0.03181818181818182,0.1,0.05,0.15,0.9996763866909906,4.227237249658174e+147
0.03181818181818182,0.1,0.2,0.0,0.03727272727272728,0.1,0.2,0.0,0.08053244596245598,5.247412032404844e+148
0.03181818181818182,0.1,0.2,0.05,0.03181818181818182,0.1,0.2,0.05,0.046414393933465956,9.104652460789508e+148
0.03181818181818182,0.1,0.2,0.1,0.020909090909090912,0.1,0.05,0.1,0.03732487023774312,1.1321859212120237e+149
0.03181818181818182,0.1,0.2,0.15,0.03181818181818182,0.1,0.2,0.15,0.9996763866909906,4.227237249658174e+147
0.03181818181818182,0.1,0.4,0.0,0.03181818181818182,0.1,0.4,0.0,1.0,4.225869259423844e+147
0.03181818181818182,0.1,0.4,0.05,0.020909090909090912,0.1,0.4,0.05,0.04351057598207546,9.712280667497314e+148
0.03181818181818182,0.1,0.4,0.1,0.03181818181818182,0.1,0.4,0.1,0.9980614568377804,4.234077200829823e+147
0.03181818181818182,0.1,0.4,0.15,0.015454545454545455,0.1,0.4,0.15,0.9712043435699045,4.351163879571012e+147
0.03181818181818182,0.1,0.6,0.0,0.01,0.3,0.6,0.0,0.041110361748197356,1.027932881084206e+149
0.03181818181818182,0.1,0.6,0.05,0.03181818181818182,0.1,0.6,0.05,0.9922906620044906,4.25870102504776e+147
0.03181818181818182,0.1,0.6,0.1,0.01,0.1,0.6,0.1,0.039065400654761905,1.0817422037392387e+149
0.03181818181818182,0.1,0.6,0.15,0.03181818181818182,0.1,0.6,0.15,0.036834948787673696,1.1472445051526643e+149
0.03181818181818182,0.3,0.05,0.0,0.03727272727272728,0.3,0.05,0.0,0.0381309342542499,1.1082522214762804e+149
0.03181818181818182,0.3,0.05,0.05,0.03181818181818182,0.3,0.05,0.05,1.0,4.225869259423844e+147
0.03181818181818182,0.3,0.05,0.1,0.015454545454545455,0.3,0.05,0.1,0.596004958177713,7.090325678404508e+147
0.03181818181818182,0.3,0.05,0.15,0.03181818181818182,0.3,0.05,0.15,0.9996763866909906,4.227237249658174e+147
0.03181818181818182,0.3,0.2,0.0,0.03727272727272728,0.5,0.2,0.0,0.08572121119309156,4.9297824897793963e+148
0.03181818181818182,0.3,0.2,0.05,0.03181818181818182,0.3,0.2,0.05,0.9996763866909906,4.227237249658174e+147
0.03181818181818182,0.3,0.2,0.1,0.03181818181818182,0.3,0.2,0.1,0.9996763866909906,4.227237249658174e+147
0.03181818181818182,0.3,0.2,0.15,0.03181818181818182,0.3,0.2,0.15,1.0,4.225869259423844e+147
0.03181818181818182,0.3,0.4,0.0,0.03181818181818182,0.3,0.4,0.05,0.9980614568377804,4.234077200829823e+147
0.03181818181818182,0.3,0.4,0.05,0.03181818181818182,0.3,0.4,0.05,0.9980614568377804,4.234077200829823e+147
0.03181818181818182,0.3,0.4,0.1,0.03181818181818182,0.3,0.4,0.1,0.9987068022519696,4.231341220361163e+147
0.03181818181818182,0.3,0.4,0.15,0.03181818181818182,0.3,0.4,0.15,0.040625815612562906,1.0401930879923207e+149
0.03181818181818182,0.3,0.6,0.0,0.03181818181818182,0.1,0.6,0.0,0.036922627740111826,1.1445201812743585e+149
0.03181818181818182,0.3,0.6,0.05,0.03181818181818182,0.3,0.6,0.05,0.9926095104300516,4.257333034813429e+147
0.03181818181818182,0.3,0.6,0.1,0.03181818181818182,0.3,0.6,0.1,0.9935672863431072,4.2532290641104406e+147
0.03181818181818182,0.3,0.6,0.15,0.03181818181818182,0.3,0.6,0.15,0.040355633649949985,1.0471572063716267e+149
0.03181818181818182,0.5,0.05,0.0,0.015454545454545455,0.5,0.05,0.05,0.9974169449049713,4.236813181298482e+147
0.03181818181818182,0.5,0.05,0.05,0.03181818181818182,0.5,0.05,0.05,1.0,4.225869259423844e+147
0.03181818181818182,0.5,0.05,0.1,0.03181818181818182,0.5,0.05,0.1,1.0,4.225869259423844e+147
0.03181818181818182,0.5,0.05,0.15,0.03181818181818182,0.5,0.05,0.15,0.9996763866909906,4.227237249658174e+147
0.03181818181818182,0.5,0.2,0.0,0.04818181818181819,0.5,0.2,0.0,0.7795848040077515,5.420666536468078e+147
0.03181818181818182,0.5,0.2,0.05,0.03181818181818182,0.5,0.2,0.05,0.9990297880199903,4.2299732301268334e+147
0.03181818181818182,0.5,0.2,0.1,0.03181818181818182,0.5,0.2,0.1,0.9996763866909906,4.227237249658174e+147
0.03181818181818182,0.5,0.2,0.15,0.03181818181818182,0.5,0.2,0.15,0.9996763866909906,4.227237249658174e+147
0.03181818181818182,0.5,0.4,0.0,0.020909090909090912,0.5,0.4,0.0,0.03626263762355117,1.1653507677222318e+149
0.03181818181818182,0.5,0.4,0.05,0.020909090909090912,0.5,0.4,0.05,0.9951676935464008,4.246389112938792e+147
0.03181818181818182,0.5,0.4,0.1,0.026363636363636367,0.5,0.4,0.1,0.9980614568377804,4.234077200829823e+147
0.03181818181818182,0.5,0.4,0.15,0.03181818181818182,0.5,0.4,0.15,0.9977390967871543,4.2354451910641526e+147
0.03181818181818182,0.5,0.6,0.0,0.03181818181818182,0.5,0.6,0.05,0.9945269123708108,4.24912509340745e+147
0.03181818181818182,0.5,0.6,0.05,0.03181818181818182,0.5,0.6,0.05,0.9921892927438397,4.2591361248592565e+147
0.03181818181818182,0.5,0.6,0.1,0.03727272727272728,0.5,0.6,0.1,0.9977390967871543,4.2354451910641526e+147
0.03181818181818182,0.5,0.6,0.15,0.03181818181818182,0.5,0.6,0.15,0.038348521683421774,1.1019640585651845e+149
0.03181818181818182,0.7,0.05,0.0,0.03181818181818182,0.7,0.05,0.0,0.15760646317863375,2.6812791646965484e+148
0.03181818181818182,0.7,0.05,0.05,0.03181818181818182,0.7,0.05,0.05,0.9996763866909906,4.227237249658174e+147
0.03181818181818182,0.7,0.05,0.1,0.03181818181818182,0.7,0.05,0.1,0.9996763866909906,4.227237249658174e+147
0.03181818181818182,0.7,0.05,0.15,0.03181818181818182,0.7,0.05,0.15,1.0,4.225869259423844e+147
0.03181818181818182,0.7,0.2,0.0,0.04818181818181819,0.7,0.05,0.0,0.037766553153228535,1.118944914638732e+149
0.03181818181818182,0.7,0.2,0.05,0.03181818181818182,0.7,0.2,0.05,0.9987068022519696,4.231341220361163e+147
0.03181818181818182,0.7,0.2,0.1,0.03181818181818182,0.7,0.2,0.1,0.9993529827653694,4.228605239892504e+147
0.03181818181818182,0.7,0.2,0.15,0.015454545454545455,0.7,0.2,0.15,0.5801980383617439,7.283494565676358e+147
0.03181818181818182,0.7,0.4,0.0,0.015454545454545455,0.3,0.2,0.0,0.12383827566697753,3.412409642062471e+148
0.03181818181818182,0.7,0.4,0.05,0.03181818181818182,0.7,0.4,0.05,0.9990297880199903,4.2299732301268334e+147
0.03181818181818182,0.7,0.4,0.1,0.03181818181818182,0.7,0.4,0.1,0.9779544914220878,4.321130785215595e+147
0.03181818181818182,0.7,0.4,0.15,0.03181818181818182,0.7,0.4,0.15,0.037678830758091406,1.1215499988720728e+149
0.03181818181818182,0.7,0.6,0.0,0.020909090909090912,0.7,0.4,0.0,0.6975808471324753,6.0578917508916685e+147
0.03181818181818182,0.7,0.6,0.05,0.03727272727272728,0.7,0.6,0.05,0.039604474746655245,1.0670181302633575e+149
0.03181818181818182,0.7,0.6,0.1,0.03727272727272728,0.7,0.6,0.1,0.9970950009896544,4.238181171532812e+147
0.03181818181818182,0.7,0.6,0.15,0.026363636363636367,0.7,0.6,0.15,0.996130415033039,4.2422851422358016e+147
0.03727272727272728,0.1,0.05,0.0,0.01,0.1,0.05,0.05,0.9849133822006465,4.2905999002488424e+147
0.03727272727272728,0.1,0.05,0.05,0.03727272727272728,0.1,0.05,0.05,0.0383901243010508,1.1007698819324154e+149
0.03727272727272728,0.1,0.05,0.1,0.03727272727272728,0.1,0.05,0.1,1.0,4.225869259423844e+147
0.03727272727272728,0.1,0.05,0.15,0.020909090909090912,0.1,0.05,0.15,1.0,4.225869259423844e+147
0.03727272727272728,0.1,0.2,0.0,0.03727272727272728,0.1,0.2,0.05,0.11750069328299077,3.596463255962401e+148
0.03727272727272728,0.1,0.2,0.05,0.026363636363636367,0.1,0.2,0.05,0.03856439707538474,1.09579549530185e+149
0.03727272727272728,0.1,0.2,0.1,0.03727272727272728,0.1,0.2,0.1,0.041882559784337664,1.0089806547603004e+149
0.03727272727272728,0.1,0.2,0.15,0.020909090909090912,0.1,0.2,0.15,0.040592062541974484,1.0410580282916289e+149
0.03727272727272728,0.1,0.4,0.0,0.020909090909090912,0.1,0.4,0.05,0.9935672863431074,4.25322906411044e+147
0.03727272727272728,0.1,0.4,0.05,0.03727272727272728,0.1,0.4,0.05,0.9990297880199903,4.2299732301268334e+147
0.03727272727272728,0.1,0.4,0.1,0.03727272727272728,0.1,0.4,0.1,0.9990297880199903,4.2299732301268334e+147
0.03727272727272728,0.1,0.4,0.15,0.03181818181818182,0.1,0.4,0.15,0.9974169449049713,4.236813181298482e+147
0.03727272727272728,0.1,0.6,0.0,0.03727272727272728,0.1,0.6,0.0,0.03628777833834499,1.1645433953057422e+149
0.03727272727272728,0.1,0.6,0.05,0.020909090909090912,0.1,0.6,0.05,0.9490433077541078,4.4527675659230766e+147
0.03727272727272728,0.1,0.6,0.1,0.03727272727272728,0.1,0.6,0.1,0.9983840252586861,4.232709210595493e+147
0.03727272727272728,0.1,0.6,0.15,0.03727272727272728,0.1,0.6,0.15,0.12714108772405278,3.3237636511303707e+148
0.03727272727272728,0.3,0.05,0.0,0.015454545454545455,0.3,0.05,0.05,0.03806939971091506,1.110043576077777e+149
0.03727272727272728,0.3,0.05,0.05,0.03727272727272728,0.3,0.05,0.05,0.05900332333693263,7.162086846011091e+148
0.03727272727272728,0.3,0.05,0.1,0.020909090909090912,0.3,0.05,0.1,0.9814997707141763,4.3055224112267926e+147
0.03727272727272728,0.3,0.05,0.15,0.03727272727272728,0.3,0.05,0.15,0.03888033814373874,1.0868910768730995e+149
0.03727272727272728,0.3,0.2,0.0,0.026363636363636367,0.1,0.2,0.05,0.9996763866909906,4.227237249658174e+147
0.03727272727272728,0.3,0.2,0.05,0.03727272727272728,0.3,0.2,0.05,1.0,4.225869259423844e+147
0.03727272727272728,0.3,0.2,0.1,0.03727272727272728,0.3,0.2,0.1,0.038698705980855175,1.0919923941421825e+149
0.03727272727272728,0.3,0.2,0.15,0.03727272727272728,0.3,0.2,0.15,1.0,4.225869259423844e+147
0.03727272727272728,0.3,0.4,0.0,0.015454545454545455,0.3,0.6,0.0,1.0,4.225869259423844e+147
0.03727272727272728,0.3,0.4,0.05,0.03727272727272728,0.3,0.4,0.05,0.03851185719194547,1.0972904366470438e+149
0.03727272727272728,0.3,0.4,0.1,0.03727272727272728,0.3,0.4,0.1,0.9987068022519696,4.231341220361163e+147
0.03727272727272728,0.3,0.4,0.15,0.03727272727272728,0.3,0.4,0.15,0.04206193016745541,1.0046779219593511e+149
0.03727272727272728,0.3,0.6,0.0,0.020909090909090912,0.3,0.6,0.0,0.042762539089648055,9.882175729941259e+148
0.03727272727272728,0.3,0.6,0.05,0.03727272727272728,0.3,0.6,0.05,0.9938869558528235,4.25186107387611e+147
0.03727272727272728,0.3,0.6,0.1,0.03727272727272728,0.3,0.6,0.1,0.9993529827653694,4.228605239892504e+147
0.03727272727272728,0.3,0.6,0.15,0.03727272727272728,0.3,0.6,0.15,0.03943751341636663,1.07153542232967e+149
0.03727272727272728,0.5,0.05,0.0,0.015454545454545455,0.5,0.2,0.05,0.990598443148238,4.2659760760309054e+147
0.03727272727272728,0.5,0.05,0.05,0.020909090909090912,0.5,0.05,0.05,0.9977390967871543,4.2354451910641526e+147
0.03727272727272728,0.5,0.05,0.1,0.03727272727272728,0.5,0.05,0.1,0.4436470336289904,9.525295875093848e+147
0.03727272727272728,0.5,0.05,0.15,0.020909090909090912,0.5,0.05,0.15,0.05169014348871933,8.1753869774923e+148
0.03727272727272728,0.5,0.2,0.0,0.03727272727272728,0.5,0.2,0.05,0.9993529827653694,4.228605239892504e+147
0.03727272727272728,0.5,0.2,0.05,0.03727272727272728,0.5,0.2,0.05,0.9027648070810773,4.681030126869266e+147
0.03727272727272728,0.5,0.2,0.1,0.03727272727272728,0.5,0.2,0.1,1.0,4.225869259423844e+147
0.03727272727272728,0.5,0.2,0.15,0.03727272727272728,0.5,0.2,0.15,0.9996763866909906,4.227237249658174e+147
0.03727272727272728,0.5,0.4,0.0,0.020909090909090912,0.5,0.4,0.05,0.9915523401420085,4.261872105327916e+147
0.03727272727272728,0.5,0.4,0.05,0.03727272727272728,0.5,0.4,0.05,0.9983840252586861,4.232709210595493e+147
0.03727272727272728,0.5,0.4,0.1,0.03727272727272728,0.5,0.4,0.1,0.039839283796701215,1.060729224196986e+149
0.03727272727272728,0.5,0.4,0.15,0.03727272727272728,0.5,0.4,0.15,0.9987068022519696,4.231341220361163e+147
0.03727272727272728,0.5,0.6,0.0,0.03727272727272728,0.5,0.6,0.05,0.9970950009896544,4.238181171532812e+147
0.03727272727272728,0.5,0.6,0.05,0.03727272727272728,0.5,0.6,0.05,0.9958093009746214,4.2436531324701314e+147
0.03727272727272728,0.5,0.6,0.1,0.03727272727272728,0.5,0.6,0.1,0.038363315217187735,1.101539122857283e+149
0.03727272727272728,0.5,0.6,0.15,0.03727272727272728,0.5,0.6,0.15,0.9993529827653694,4.228605239892504e+147
0.03727272727272728,0.7,0.05,0.0,0.026363636363636367,0.7,0.05,0.05,0.9990297880199903,4.2299732301268334e+147
0.03727272727272728,0.7,0.05,0.05,0.03727272727272728,0.7,0.05,0.05,0.11619526558477453,3.6368687124697915e+148
0.03727272727272728,0.7,0.05,0.1,0.03727272727272728,0.7,0.05,0.1,1.0,4.225869259423844e+147
0.03727272727272728,0.7,0.05,0.15,0.03727272727272728,0.7,0.05,0.15,1.0,4.225869259423844e+147
0.03727272727272728,0.7,0.2,0.0,0.05363636363636364,0.7,0.2,0.0,0.03655293757393615,1.1560956628659784e+149
0.03727272727272728,0.7,0.2,0.05,0.015454545454545455,0.7,0.2,0.05,0.04516363709118137,9.356795713534297e+148
0.03727272727272728,0.7,0.2,0.1,0.026363636363636367,0.7,0.2,0.1,0.9990297880199903,4.2299732301268334e+147
0.03727272727272728,0.7,0.2,0.15,0.03727272727272728,0.7,0.2,0.15,1.0,4.225869259423844e+147
0.03727272727272728,0.7,0.4,0.0,0.03181818181818182,0.7,0.4,0.0,0.0425529134925678,9.930857637190754e+148
0.03727272727272728,0.7,0.4,0.05,0.03727272727272728,0.7,0.4,0.05,0.9996763866909906,4.227237249658174e+147
0.03727272727272728,0.7,0.4,0.1,0.03727272727272728,0.7,0.4,0.1,0.9990297880199903,4.2299732301268334e+147
0.03727272727272728,0.7,0.4,0.15,0.03727272727272728,0.7,0.4,0.15,0.04296616828617131,9.835341218416125e+148
0.03727272727272728,0.7,0.6,0.0,0.03727272727272728,0.7,0.6,0.0,0.04191258149847188,1.0082579283688164e+149
0.03727272727272728,0.7,0.6,0.05,0.026363636363636367,0.7,0.6,0.05,0.9918707141844924,4.260504115093586e+147
0.03727272727272728,0.7,0.6,0.1,0.01,0.7,0.6,0.1,0.055709307253183266,7.585571366411804e+148
0.03727272727272728,0.7,0.6,0.15,0.026363636363636367,0.7,0.6,0.15,0.47177083867058506,8.957461786599671e+147
0.04272727272727273,0.1,0.05,0.0,0.04272727272727273,0.1,0.05,0.0,0.041962980847185895,1.0070469671382359e+149
0.04272727272727273,0.1,0.05,0.05,0.04272727272727273,0.1,0.05,0.05,1.0,4.225869259423844e+147
0.04272727272727273,0.1,0.05,0.1,0.04272727272727273,0.1,0.05,0.1,1.0,4.225869259423844e+147
0.04272727272727273,0.1,0.05,0.15,0.04272727272727273,0.1,0.05,0.15,1.0,4.225869259423844e+147
0.04272727272727273,0.1,0.2,0.0,0.05363636363636364,0.1,0.2,0.0,0.038902436833728384,1.0862736639058092e+149
0.04272727272727273,0.1,0.2,0.05,0.04272727272727273,0.1,0.2,0.05,1.0,4.225869259423844e+147
0.04272727272727273,0.1,0.2,0.1,0.04272727272727273,0.1,0.2,0.1,0.9996763866909906,4.227237249658174e+147
0.04272727272727273,0.1,0.2,0.15,0.04272727272727273,0.1,0.2,0.15,1.0,4.225869259423844e+147
0.04272727272727273,0.1,0.4,0.0,0.04272727272727273,0.1,0.4,0.05,0.03819689619794559,1.1063383887330434e+149
0.04272727272727273,0.1,0.4,0.05,0.04272727272727273,0.1,0.4,0.05,0.9996763866909906,4.227237249658174e+147
0.04272727272727273,0.1,0.4,0.1,0.04272727272727273,0.1,0.4,0.1,1.0,4.225869259423844e+147
0.04272727272727273,0.1,0.4,0.15,0.04272727272727273,0.1,0.4,0.15,0.045865518002000435,9.213608487403395e+148
0.04272727272727273,0.1,0.6,0.0,0.04272727272727273,0.1,0.6,0.05,1.0,4.225869259423844e+147
0.04272727272727273,0.1,0.6,0.05,0.026363636363636367,0.1,0.6,0.05,0.9785188456389917,4.3186386018598035e+147
0.04272727272727273,0.1,0.6,0.1,0.04272727272727273,0.1,0.6,0.1,0.9967732648398879,4.239549161767142e+147
0.04272727272727273,0.1,0.6,0.15,0.04272727272727273,0.1,0.6,0.15,0.03874425639432128,1.0907085727533092e+149
0.04272727272727273,0.3,0.05,0.0,0.01,0.3,0.05,0.0,0.03729551927274419,1.133076933054566e+149
0.04272727272727273,0.3,0.05,0.05,0.04272727272727273,0.3,0.05,0.05,1.0,4.225869259423844e+147
0.04272727272727273,0.3,0.05,0.1,0.04272727272727273,0.3,0.05,0.1,1.0,4.225869259423844e+147
0.04272727272727273,0.3,0.05,0.15,0.04272727272727273,0.3,0.05,0.15,1.0,4.225869259423844e+147
0.04272727272727273,0.3,0.2,0.0,0.07,0.3,0.05,0.0,0.04521830871740021,9.345482790685869e+148
0.04272727272727273,0.3,0.2,0.05,0.04272727272727273,0.3,0.2,0.05,0.09750866471601859,4.3338397379670244e+148
0.04272727272727273,0.3,0.2,0.1,0.04272727272727273,0.3,0.2,0.1,0.9996763866909906,4.227237249658174e+147
0.04272727272727273,0.3,0.2,0.15,0.04272727272727273,0.3,0.2,0.15,1.0,4.225869259423844e+147
0.04272727272727273,0.3,0.4,0.0,0.026363636363636367,0.3,0.4,0.05,0.9954883938790827,4.2450211227044604e+147
0.04272727272727273,0.3,0.4,0.05,0.04272727272727273,0.3,0.4,0.05,0.9996763866909906,4.227237249658174e+147
0.04272727272727273,0.3,0.4,0.1,0.04272727272727273,0.3,0.4,0.1,0.03972232069347637,1.0638525608897422e+149
0.04272727272727273,0.3,0.4,0.15,0.04272727272727273,0.3,0.4,0.15,0.9993529827653694,4.228605239892504e+147
0.04272727272727273,0.3,0.6,0.0,0.04272727272727273,0.3,0.6,0.0,1.0,4.225869259423844e+147
0.04272727272727273,0.3,0.6,0.05,0.04272727272727273,0.3,0.6,0.05,0.9987068022519696,4.231341220361163e+147
0.04272727272727273,0.3,0.6,0.1,0.04272727272727273,0.3,0.6,0.1,0.03711754129594652,1.1385100176032772e+149
0.04272727272727273,0.3,0.6,0.15,0.04272727272727273,0.3,0.6,0.15,1.0,4.225869259423844e+147
0.04272727272727273,0.5,0.05,0.0,0.026363636363636367,0.5,0.05,0.05,0.9990297880199903,4.2299732301268334e+147
0.04272727272727273,0.5,0.05,0.05,0.04272727272727273,0.5,0.05,0.05,0.09549084589366759,4.425418185246257e+148
0.04272727272727273,0.5,0.05,0.1,0.04272727272727273,0.5,0.05,0.1,0.983816690570111,4.295382767876198e+147
0.04272727272727273,0.5,0.05,0.15,0.04272727272727273,0.5,0.05,0.15,1.0,4.225869259423844e+147
0.04272727272727273,0.5,0.2,0.0,0.01,0.5,0.05,0.0,0.0353220162494171,1.1963839293838671e+149
0.04272727272727273,0.5,0.2,0.05,0.04272727272727273,0.5,0.2,0.05,1.0,4.225869259423844e+147
0.04272727272727273,0.5,0.2,0.1,0.04272727272727273,0.5,0.2,0.1,0.09802548791266659,4.310990283658449e+148
0.04272727272727273,0.5,0.2,0.15,0.04272727272727273,0.5,0.2,0.15,0.9996763866909906,4.227237249658174e+147
0.04272727272727273,0.5,0.4,0.0,0.020909090909090912,0.5,0.4,0.05,0.9814997707141763,4.3055224112267926e+147
0.04272727272727273,0.5,0.4,0.05,0.04272727272727273,0.5,0.4,0.05,1.0,4.225869259423844e+147
0.04272727272727273,0.5,0.4,0.1,0.026363636363636367,0.5,0.4,0.1,0.9977390967871543,4.2354451910641526e+147
0.04272727272727273,0.5,0.4,0.15,0.04272727272727273,0.5,0.4,0.15,0.057298538994339086,7.375178030004127e+148
0.04272727272727273,0.5,0.6,0.0,0.026363636363636367,0.3,0.6,0.05,0.9871164680251449,4.281023968608533e+147
0.04272727272727273,0.5,0.6,0.05,0.04272727272727273,0.5,0.6,0.05,0.9970950009896542,4.238181171532813e+147
0.04272727272727273,0.5,0.6,0.1,0.04272727272727273,0.5,0.6,0.1,0.039496348636638264,1.0699392235726248e+149
0.04272727272727273,0.5,0.6,0.15,0.03181818181818182,0.5,0.6,0.15,0.17227816972111182,2.4529336864123796e+148
0.04272727272727273,0.7,0.05,0.0,0.07,0.7,0.05,0.0,0.08795823333755406,4.804404430460059e+148
0.04272727272727273,0.7,0.05,0.05,0.026363636363636367,0.7,0.05,0.05,1.0,4.225869259423844e+147
0.04272727272727273,0.7,0.05,0.1,0.04272727272727273,0.7,0.05,0.1,1.0,4.225869259423844e+147
0.04272727272727273,0.7,0.05,0.15,0.04272727272727273,0.7,0.05,0.15,1.0,4.225869259423844e+147
0.04272727272727273,0.7,0.2,0.0,0.020909090909090912,0.7,0.2,0.05,0.5306168051895831,7.964069773315963e+147
0.04272727272727273,0.7,0.2,0.05,0.026363636363636367,0.7,0.2,0.05,1.0,4.225869259423844e+147
0.04272727272727273,0.7,0.2,0.1,0.04272727272727273,0.7,0.2,0.1,0.9996763866909906,4.227237249658174e+147
0.04272727272727273,0.7,0.2,0.15,0.04272727272727273,0.7,0.2,0.15,1.0,4.225869259423844e+147
0.04272727272727273,0.7,0.4,0.0,0.03727272727272728,0.7,0.4,0.05,0.9990297880199903,4.2299732301268334e+147
0.04272727272727273,0.7,0.4,0.05,0.04272727272727273,0.7,0.4,0.05,0.9996763866909906,4.227237249658174e+147
0.04272727272727273,0.7,0.4,0.1,0.04272727272727273,0.7,0.4,0.1,0.042577458192039126,9.925132778860838e+148
0.04272727272727273,0.7,0.4,0.15,0.04272727272727273,0.7,0.4,0.15,0.0395100740059938,1.0695675383404157e+149
0.04272727272727273,0.7,0.6,0.0,0.026363636363636367,0.7,0.6,0.0,0.04079510895540819,1.0358764488269918e+149
0.04272727272727273,0.7,0.6,0.05,0.026363636363636367,0.7,0.6,0.05,0.9913353445996889,4.262804995750749e+147
0.04272727272727273,0.7,0.6,0.1,0.04272727272727273,0.7,0.6,0.1,0.09906387669167165,4.2658024302607523e+148
0.04272727272727273,0.7,0.6,0.15,0.026363636363636367,0.7,0.6,0.15,0.217221086094971,1.945423133358359e+148
0.04818181818181819,0.1,0.05,0.0,0.04818181818181819,0.1,0.05,0.0,0.04361919051251351,9.688096477195107e+148
0.04818181818181819,0.1,0.05,0.05,0.04818181818181819,0.1,0.05,0.05,0.03920786013749382,1.0778117562663708e+149
0.04818181818181819,0.1,0.05,0.1,0.04818181818181819,0.1,0.05,0.1,0.03836265405029071,1.1015581074979927e+149
0.04818181818181819,0.1,0.05,0.15,0.04818181818181819,0.1,0.05,0.15,1.0,4.225869259423844e+147
0.04818181818181819,0.1,0.2,0.0,0.04272727272727273,0.1,0.2,0.0,0.03728573659500015,1.133374219027904e+149
0.04818181818181819,0.1,0.2,0.05,0.04818181818181819,0.1,0.2,0.05,0.07651012168190532,5.523281320859883e+148
0.04818181818181819,0.1,0.2,0.1,0.03727272727272728,0.1,0.2,0.1,0.03791134769983114,1.1146713361083353e+149
0.04818181818181819,0.1,0.2,0.15,0.04818181818181819,0.1,0.2,0.15,0.08877456990208865,4.7602249879494146e+148
0.04818181818181819,0.1,0.4,0.0,0.04272727272727273,0.1,0.4,0.0,0.03903996745323947,1.0824469217310243e+149
0.04818181818181819,0.1,0.4,0.05,0.04818181818181819,0.1,0.4,0.05,0.04270227380931983,9.896122343025074e+148
0.04818181818181819,0.1,0.4,0.1,0.04818181818181819,0.1,0.4,0.1,0.039529609496997305,1.069038959199646e+149
0.04818181818181819,0.1,0.4,0.15,0.04818181818181819,0.1,0.4,0.15,1.0,4.225869259423844e+147
0.04818181818181819,0.1,0.6,0.0,0.06454545454545454,0.3,0.6,0.0,0.06020814729484967,7.01876647811306e+148
0.04818181818181819,0.1,0.6,0.05,0.04818181818181819,0.1,0.6,0.05,0.9987068022519696,4.231341220361163e+147
0.04818181818181819,0.1,0.6,0.1,0.04818181818181819,0.1,0.6,0.1,0.9665772162054451,4.37199345129778e+147
0.04818181818181819,0.1,0.6,0.15,0.04818181818181819,0.1,0.6,0.15,0.03982532595088842,1.0611009849950955e+149
0.04818181818181819,0.3,0.05,0.0,0.05363636363636364,0.3,0.05,0.0,0.03851707270416935,1.097141854958881e+149
0.04818181818181819,0.3,0.05,0.05,0.04818181818181819,0.3,0.05,0.05,1.0,4.225869259423844e+147
0.04818181818181819,0.3,0.05,0.1,0.04818181818181819,0.3,0.05,0.1,0.04114675650146009,1.0270236632804555e+149
0.04818181818181819,0.3,0.05,0.15,0.04818181818181819,0.3,0.05,0.15,1.0,4.225869259423844e+147
0.04818181818181819,0.3,0.2,0.0,0.04272727272727273,0.3,0.4,0.05,0.9983840252586861,4.232709210595493e+147
0.04818181818181819,0.3,0.2,0.05,0.04818181818181819,0.3,0.2,0.05,0.039199349780649394,1.0780457540930764e+149
0.04818181818181819,0.3,0.2,0.1,0.04818181818181819,0.3,0.2,0.1,1.0,4.225869259423844e+147
0.04818181818181819,0.3,0.2,0.15,0.04818181818181819,0.3,0.2,0.15,0.9996763866909906,4.227237249658174e+147
0.04818181818181819,0.3,0.4,0.0,0.03181818181818182,0.3,0.4,0.0,0.037381948786633826,1.130457184975555e+149
0.04818181818181819,0.3,0.4,0.05,0.04818181818181819,0.3,0.4,0.05,0.9990297880199903,4.2299732301268334e+147
0.04818181818181819,0.3,0.4,0.1,0.04818181818181819,0.3,0.4,0.1,0.04022873654623049,1.0504603480567962e+149
0.04818181818181819,0.3,0.4,0.15,0.04818181818181819,0.3,0.4,0.15,0.08930545419516714,4.731927402987814e+148
0.04818181818181819,0.3,0.6,0.0,0.01,0.3,0.6,0.0,0.04398034768596452,9.608539908774866e+148
0.04818181818181819,0.3,0.6,0.05,0.04818181818181819,0.3,0.6,0.05,0.10339925787130515,4.086943510449108e+148
0.04818181818181819,0.3,0.6,0.1,0.03727272727272728,0.3,0.6,0.1,0.03719410255013824,1.1361664806207666e+149
0.04818181818181819,0.3,0.6,0.15,0.04818181818181819,0.3,0.6,0.15,0.8868828899775372,4.7648559997937e+147
0.04818181818181819,0.5,0.05,0.0,0.04818181818181819,0.5,0.05,0.05,1.0,4.225869259423844e+147
0.04818181818181819,0.5,0.05,0.05,0.04818181818181819,0.5,0.05,0.05,1.0,4.225869259423844e+147
0.04818181818181819,0.5,0.05,0.1,0.04818181818181819,0.5,0.05,0.1,0.03948860950917196,1.0701489143197882e+149
0.04818181818181819,0.5,0.05,0.15,0.04818181818181819,0.5,0.05,0.15,1.0,4.225869259423844e+147
0.04818181818181819,0.5,0.2,0.0,0.04272727272727273,0.5,0.2,0.0,0.09725791830352254,4.345013067456112e+148
0.04818181818181819,0.5,0.2,0.05,0.04818181818181819,0.5,0.2,0.05,0.9996763866909906,4.227237249658174e+147
0.04818181818181819,0.5,0.2,0.1,0.04818181818181819,0.5,0.2,0.1,0.04410984961444252,9.580330235449733e+148
0.04818181818181819,0.5,0.2,0.15,0.03181818181818182,0.5,0.2,0.15,0.047110708473402305,8.970082166795855e+148
0.04818181818181819,0.5,0.4,0.0,0.03181818181818182,0.5,0.4,0.0,0.17376919317518214,2.4318863327883518e+148
0.04818181818181819,0.5,0.4,0.05,0.04818181818181819,0.5,0.4,0.05,0.9993529827653694,4.228605239892504e+147
0.04818181818181819,0.5,0.4,0.1,0.04818181818181819,0.5,0.4,0.1,0.11101132633607472,3.806700990699349e+148
0.04818181818181819,0.5,0.4,0.15,0.04818181818181819,0.5,0.4,0.15,0.038105423076851136,1.1089941846075552e+149
0.04818181818181819,0.5,0.6,0.0,0.020909090909090912,0.5,0.6,0.05,0.9837585192076403,4.295636761374665e+147
0.04818181818181819,0.5,0.6,0.05,0.04818181818181819,0.5,0.6,0.05,0.9990297880199903,4.2299732301268334e+147
0.04818181818181819,0.5,0.6,0.1,0.04272727272727273,0.5,0.6,0.1,0.03807559344627774,1.109863005913822e+149
0.04818181818181819,0.5,0.6,0.15,0.04818181818181819,0.5,0.6,0.15,0.9990297880199903,4.2299732301268334e+147
0.04818181818181819,0.7,0.05,0.0,0.03727272727272728,0.7,0.05,0.0,0.0860690020112468,4.9098620417042154e+148
0.04818181818181819,0.7,0.05,0.05,0.04818181818181819,0.7,0.05,0.05,1.0,4.225869259423844e+147
0.04818181818181819,0.7,0.05,0.1,0.04818181818181819,0.7,0.05,0.1,1.0,4.225869259423844e+147
0.04818181818181819,0.7,0.05,0.15,0.04818181818181819,0.7,0.05,0.15,1.0,4.225869259423844e+147
0.04818181818181819,0.7,0.2,0.0,0.03727272727272728,0.7,0.2,0.0,0.14936422324846443,2.829237930956327e+148
0.04818181818181819,0.7,0.2,0.05,0.04818181818181819,0.7,0.2,0.05,1.0,4.225869259423844e+147
0.04818181818181819,0.7,0.2,0.1,0.04818181818181819,0.7,0.2,0.1,1.0,4.225869259423844e+147
0.04818181818181819,0.7,0.2,0.15,0.04818181818181819,0.7,0.2,0.15,1.0,4.225869259423844e+147
0.04818181818181819,0.7,0.4,0.0,0.04818181818181819,0.7,0.4,0.0,0.03815531186104543,1.1075441539604438e+149
0.04818181818181819,0.7,0.4,0.05,0.04818181818181819,0.7,0.4,0.05,1.0,4.225869259423844e+147
0.04818181818181819,0.7,0.4,0.1,0.04818181818181819,0.7,0.4,0.1,0.9996763866909906,4.227237249658174e+147
0.04818181818181819,0.7,0.4,0.15,0.03181818181818182,0.7,0.4,0.15,0.03738318251805239,1.1304198772758757e+149
0.04818181818181819,0.7,0.6,0.0,0.04272727272727273,0.7,0.6,0.0,0.04126375583596538,1.0241116383643846e+149
0.04818181818181819,0.7,0.6,0.05,0.03727272727272728,0.7,0.6,0.05,0.9951676935464008,4.246389112938792e+147
0.04818181818181819,0.7,0.6,0.1,0.04818181818181819,0.7,0.6,0.1,0.9990297880199903,4.2299732301268334e+147
0.04818181818181819,0.7,0.6,0.15,0.04818181818181819,0.7,0.6,0.15,0.03960136200229962,1.067101999971226e+149
0.05363636363636364,0.1,0.05,0.0,0.020909090909090912,0.1,0.05,0.05,0.9980614568377801,4.2340772008298235e+147
0.05363636363636364,0.1,0.05,0.05,0.05363636363636364,0.1,0.05,0.05,1.0,4.225869259423844e+147
0.05363636363636364,0.1,0.05,0.1,0.05363636363636364,0.1,0.05,0.1,1.0,4.225869259423844e+147
0.05363636363636364,0.1,0.05,0.15,0.05363636363636364,0.1,0.05,0.15,1.0,4.225869259423844e+147
0.05363636363636364,0.1,0.2,0.0,0.0590909090909091,0.1,0.2,0.0,0.036492387774845515,1.1580139084066098e+149
0.05363636363636364,0.1,0.2,0.05,0.05363636363636364,0.1,0.2,0.05,1.0,4.225869259423844e+147
0.05363636363636364,0.1,0.2,0.1,0.05363636363636364,0.1,0.2,0.1,0.03910806445766618,1.0805621086152898e+149
0.05363636363636364,0.1,0.2,0.15,0.05363636363636364,0.1,0.2,0.15,1.0,4.225869259423844e+147
0.05363636363636364,0.1,0.4,0.0,0.06454545454545454,0.1,0.4,0.0,0.1509773978224587,2.799007878247603e+148
0.05363636363636364,0.1,0.4,0.05,0.05363636363636364,0.1,0.4,0.05,0.038319035042085545,1.1028120240456472e+149
0.05363636363636364,0.1,0.4,0.1,0.05363636363636364,0.1,0.4,0.1,1.0,4.225869259423844e+147
0.05363636363636364,0.1,0.4,0.15,0.05363636363636364,0.1,0.4,0.15,0.03866801780777925,1.0928590341586326e+149
0.05363636363636364,0.1,0.6,0.0,0.04272727272727273,0.1,0.6,0.0,0.03940733409985812,1.0723560362432786e+149
0.05363636363636364,0.1,0.6,0.05,0.05363636363636364,0.1,0.6,0.05,0.9996763866909906,4.227237249658174e+147
0.05363636363636364,0.1,0.6,0.1,0.04818181818181819,0.1,0.6,0.1,0.9990297880199903,4.2299732301268334e+147
0.05363636363636364,0.1,0.6,0.15,0.05363636363636364,0.1,0.6,0.15,0.9993529827653694,4.228605239892504e+147
0.05363636363636364,0.3,0.05,0.0,0.05363636363636364,0.3,0.05,0.0,0.039490791800861354,1.0700897770633385e+149
0.05363636363636364,0.3,0.05,0.05,0.05363636363636364,0.3,0.05,0.05,0.037867684178195506,1.1159566134379907e+149
0.05363636363636364,0.3,0.05,0.1,0.05363636363636364,0.3,0.05,0.1,0.08104466778371343,5.214247124439526e+148
0.05363636363636364,0.3,0.05,0.15,0.05363636363636364,0.3,0.05,0.15,1.0,4.225869259423844e+147
0.05363636363636364,0.3,0.2,0.0,0.03181818181818182,0.3,0.2,0.0,0.0357323201926257,1.1826461972362945e+149
0.05363636363636364,0.3,0.2,0.05,0.05363636363636364,0.3,0.2,0.05,0.04056206680068293,1.0418278930877098e+149
0.05363636363636364,0.3,0.2,0.1,0.05363636363636364,0.3,0.2,0.1,0.3983210287031048,1.0609204523253192e+148
0.05363636363636364,0.3,0.2,0.15,0.05363636363636364,0.3,0.2,0.15,1.0,4.225869259423844e+147
0.05363636363636364,0.3,0.4,0.0,0.06454545454545454,0.1,0.4,0.0,1.0,4.225869259423844e+147
0.05363636363636364,0.3,0.4,0.05,0.03727272727272728,0.3,0.4,0.05,0.03912669502003809,1.0800475882922478e+149
0.05363636363636364,0.3,0.4,0.1,0.05363636363636364,0.3,0.4,0.1,0.037867853440742325,1.115951625311087e+149
0.05363636363636364,0.3,0.4,0.15,0.03727272727272728,0.3,0.4,0.15,0.9983840252586861,4.232709210595493e+147
0.05363636363636364,0.3,0.6,0.0,0.03181818181818182,0.3,0.6,0.0,0.091581774409471,4.6143124946777867e+148
0.05363636363636364,0.3,0.6,0.05,0.05363636363636364,0.3,0.6,0.05,0.9990297880199903,4.2299732301268334e+147
0.05363636363636364,0.3,0.6,0.1,0.04272727272727273,0.3,0.6,0.1,0.12518816233265181,3.375614100153338e+148
0.05363636363636364,0.3,0.6,0.15,0.03181818181818182,0.3,0.6,0.15,0.9932478224015152,4.2545970543447704e+147
0.05363636363636364,0.5,0.05,0.0,0.03727272727272728,0.5,0.05,0.05,1.0,4.225869259423844e+147
0.05363636363636364,0.5,0.05,0.05,0.03727272727272728,0.5,0.05,0.05,0.04002713941371116,1.055751003274615e+149
0.05363636363636364,0.5,0.05,0.1,0.05363636363636364,0.5,0.05,0.1,0.04121048931914505,1.0254353513489206e+149
0.05363636363636364,0.5,0.05,0.15,0.05363636363636364,0.5,0.05,0.15,1.0,4.225869259423844e+147
0.05363636363636364,0.5,0.2,0.0,0.03727272727272728,0.5,0.2,0.0,0.03939706905681091,1.0726354423295054e+149
0.05363636363636364,0.5,0.2,0.05,0.05363636363636364,0.5,0.2,0.05,1.0,4.225869259423844e+147
0.05363636363636364,0.5,0.2,0.1,0.05363636363636364,0.5,0.2,0.1,0.03981486912056008,1.0613796686428485e+149
0.05363636363636364,0.5,0.2,0.15,0.05363636363636364,0.5,0.2,0.15,1.0,4.225869259423844e+147
0.05363636363636364,0.5,0.4,0.0,0.03181818181818182,0.5,0.2,0.05,0.9990297880199903,4.2299732301268334e+147
0.05363636363636364,0.5,0.4,0.05,0.05363636363636364,0.5,0.4,0.05,0.03873377620145747,1.0910036856320849e+149
0.05363636363636364,0.5,0.4,0.1,0.05363636363636364,0.5,0.4,0.1,0.9996763866909906,4.227237249658174e+147
0.05363636363636364,0.5,0.4,0.15,0.05363636363636364,0.5,0.4,0.15,0.039135624593720456,1.0798011538831835e+149
0.05363636363636364,0.5,0.6,0.0,0.05363636363636364,0.5,0.6,0.0,0.11071031985030068,3.817050899263902e+148
0.05363636363636364,0.5,0.6,0.05,0.05363636363636364,0.5,0.6,0.05,0.9993529827653694,4.228605239892504e+147
0.05363636363636364,0.5,0.6,0.1,0.05363636363636364,0.5,0.6,0.1,0.9987068022519696,4.231341220361163e+147
0.05363636363636364,0.5,0.6,0.15,0.05363636363636364,0.5,0.6,0.15,0.986700887416077,4.28282705865436e+147
0.05363636363636364,0.7,0.05,0.0,0.020909090909090912,0.5,0.05,0.0,0.06592738913883868,6.409884138630828e+148
0.05363636363636364,0.7,0.05,0.05,0.05363636363636364,0.7,0.05,0.05,0.038050992191228754,1.110580569932671e+149
0.05363636363636364,0.7,0.05,0.1,0.05363636363636364,0.7,0.05,0.1,0.03912644036513357,1.0800546177948785e+149
0.05363636363636364,0.7,0.05,0.15,0.03727272727272728,0.7,0.05,0.15,1.0,4.225869259423844e+147
0.05363636363636364,0.7,0.2,0.0,0.015454545454545455,0.5,0.05,0.0,0.11917691700351679,3.5458789887131776e+148
0.05363636363636364,0.7,0.2,0.05,0.05363636363636364,0.7,0.2,0.05,0.039701272705878025,1.064416571914627e+149
0.05363636363636364,0.7,0.2,0.1,0.05363636363636364,0.7,0.2,0.1,0.038655678646896584,1.0932078823464434e+149
0.05363636363636364,0.7,0.2,0.15,0.05363636363636364,0.7,0.2,0.15,1.0,4.225869259423844e+147
0.05363636363636364,0.7,0.4,0.0,0.03181818181818182,0.7,0.4,0.05,0.9983840252586861,4.232709210595493e+147
0.05363636363636364,0.7,0.4,0.05,0.05363636363636364,0.7,0.4,0.05,1.0,4.225869259423844e+147
0.05363636363636364,0.7,0.4,0.1,0.05363636363636364,0.7,0.4,0.1,0.08308036051040232,5.08648401795841e+148
0.05363636363636364,0.7,0.4,0.15,0.0590909090909091,0.7,0.4,0.15,1.0,4.225869259423844e+147
0.05363636363636364,0.7,0.6,0.0,0.03727272727272728,0.7,0.6,0.05,0.9937852602019379,4.2522961736876075e+147
0.05363636363636364,0.7,0.6,0.05,0.03727272727272728,0.7,0.6,0.05,0.9964517362546153,4.240917152001471e+147
0.05363636363636364,0.7,0.6,0.1,0.05363636363636364,0.7,0.6,0.1,0.9990297880199903,4.2299732301268334e+147
0.05363636363636364,0.7,0.6,0.15,0.05363636363636364,0.7,0.6,0.15,0.0396210987978716,1.0665704353587621e+149
0.0590909090909091,0.1,0.05,0.0,0.03181818181818182,0.1,0.05,0.05,1.0,4.225869259423844e+147
0.0590909090909091,0.1,0.05,0.05,0.0590909090909091,0.1,0.05,0.05,1.0,4.225869259423844e+147
0.0590909090909091,0.1,0.05,0.1,0.0590909090909091,0.1,0.05,0.1,1.0,4.225869259423844e+147
0.0590909090909091,0.1,0.05,0.15,0.0590909090909091,0.1,0.05,0.15,1.0,4.225869259423844e+147
0.0590909090909091,0.1,0.2,0.0,0.03727272727272728,0.1,0.2,0.0,0.0372703297692839,1.1338427337733316e+149
0.0590909090909091,0.1,0.2,0.05,0.04272727272727273,0.1,0.2,0.05,1.0,4.225869259423844e+147
0.0590909090909091,0.1,0.2,0.1,0.0590909090909091,0.1,0.2,0.1,1.0,4.225869259423844e+147
0.0590909090909091,0.1,0.2,0.15,0.0590909090909091,0.1,0.2,0.15,1.0,4.225869259423844e+147
0.0590909090909091,0.1,0.4,0.0,0.04818181818181819,0.1,0.4,0.0,0.03741019165862895,1.1296037448792686e+149
0.0590909090909091,0.1,0.4,0.05,0.0590909090909091,0.1,0.4,0.05,0.9996763866909906,4.227237249658174e+147
0.0590909090909091,0.1,0.4,0.1,0.04272727272727273,0.1,0.4,0.1,0.9993529827653694,4.228605239892504e+147
0.0590909090909091,0.1,0.4,0.15,0.0590909090909091,0.1,0.4,0.15,0.9983840252586861,4.232709210595493e+147
0.0590909090909091,0.1,0.6,0.0,0.03727272727272728,0.1,0.6,0.0,0.045639669573630595,9.259202134682939e+148
0.0590909090909091,0.1,0.6,0.05,0.04272727272727273,0.1,0.6,0.05,0.905874585397107,4.66496061104458e+147
0.0590909090909091,0.1,0.6,0.1,0.0590909090909091,0.1,0.6,0.05,0.07742737988517014,5.45784871668276e+148
0.0590909090909091,0.1,0.6,0.15,0.0590909090909091,0.1,0.6,0.15,0.9987068022519696,4.231341220361163e+147
0.0590909090909091,0.3,0.05,0.0,0.04818181818181819,0.3,0.05,0.0,0.03816519520102247,1.1072573419749287e+149
0.0590909090909091,0.3,0.05,0.05,0.0590909090909091,0.3,0.05,0.05,1.0,4.225869259423844e+147
0.0590909090909091,0.3,0.05,0.1,0.0590909090909091,0.3,0.05,0.1,1.0,4.225869259423844e+147
0.0590909090909091,0.3,0.05,0.15,0.0590909090909091,0.3,0.05,0.15,1.0,4.225869259423844e+147
0.0590909090909091,0.3,0.2,0.0,0.04272727272727273,0.3,0.2,0.05,0.9996763866909906,4.227237249658174e+147
0.0590909090909091,0.3,0.2,0.05,0.0590909090909091,0.3,0.2,0.05,0.9996763866909906,4.227237249658174e+147
0.0590909090909091,0.3,0.2,0.1,0.0590909090909091,0.3,0.2,0.1,0.06913698683736744,6.112313325665257e+148
0.0590909090909091,0.3,0.2,0.15,0.0590909090909091,0.3,0.2,0.15,1.0,4.225869259423844e+147
0.0590909090909091,0.3,0.4,0.0,0.05363636363636364,0.3,0.4,0.0,0.045097200554994686,9.370580008110532e+148
0.0590909090909091,0.3,0.4,0.05,0.0590909090909091,0.3,0.4,0.05,1.0,4.225869259423844e+147
0.0590909090909091,0.3,0.4,0.1,0.0590909090909091,0.3,0.4,0.1,1.0,4.225869259423844e+147
0.0590909090909091,0.3,0.4,0.15,0.0590909090909091,0.3,0.4,0.15,1.0,4.225869259423844e+147
0.0590909090909091,0.3,0.6,0.0,0.0590909090909091,0.3,0.6,0.0,0.03923903520178983,1.0769554444170143e+149
0.0590909090909091,0.3,0.6,0.05,0.0590909090909091,0.3,0.6,0.05,0.9996763866909906,4.227237249658174e+147
0.0590909090909091,0.3,0.6,0.1,0.0590909090909091,0.3,0.6,0.1,0.9983840252586861,4.232709210595493e+147
0.0590909090909091,0.3,0.6,0.15,0.0590909090909091,0.3,0.6,0.15,0.9990297880199903,4.2299732301268334e+147
0.0590909090909091,0.5,0.05,0.0,0.0590909090909091,0.5,0.05,0.05,1.0,4.225869259423844e+147
0.0590909090909091,0.5,0.05,0.05,0.0590909090909091,0.5,0.05,0.05,1.0,4.225869259423844e+147
0.0590909090909091,0.5,0.05,0.1,0.0590909090909091,0.5,0.05,0.1,1.0,4.225869259423844e+147
0.0590909090909091,0.5,0.05,0.15,0.0590909090909091,0.5,0.05,0.15,1.0,4.225869259423844e+147
0.0590909090909091,0.5,0.2,0.0,0.0590909090909091,0.5,0.2,0.05,1.0,4.225869259423844e+147
0.0590909090909091,0.5,0.2,0.05,0.0590909090909091,0.5,0.2,0.05,0.040989384384174286,1.0309667546642693e+149
0.0590909090909091,0.5,0.2,0.1,0.0590909090909091,0.5,0.2,0.1,0.03780248341791468,1.117881386972898e+149
0.0590909090909091,0.5,0.2,0.15,0.0590909090909091,0.5,0.2,0.15,1.0,4.225869259423844e+147
0.0590909090909091,0.5,0.4,0.0,0.04272727272727273,0.5,0.4,0.05,0.45318082021932204,9.324907566429414e+147
0.0590909090909091,0.5,0.4,0.05,0.0590909090909091,0.5,0.4,0.05,1.0,4.225869259423844e+147
0.0590909090909091,0.5,0.4,0.1,0.0590909090909091,0.5,0.4,0.1,0.03856201691132106,1.0958631311069237e+149
0.0590909090909091,0.5,0.4,0.15,0.0590909090909091,0.5,0.4,0.15,1.0,4.225869259423844e+147
0.0590909090909091,0.5,0.6,0.0,0.0590909090909091,0.5,0.6,0.0,0.04484943470542136,9.422346763521246e+148
0.0590909090909091,0.5,0.6,0.05,0.0590909090909091,0.5,0.6,0.05,0.9993529827653694,4.228605239892504e+147
0.0590909090909091,0.5,0.6,0.1,0.0590909090909091,0.7,0.6,0.1,0.039657375819438095,1.0655947782991054e+149
0.0590909090909091,0.5,0.6,0.15,0.0590909090909091,0.3,0.6,0.15,1.0,4.225869259423844e+147
0.0590909090909091,0.7,0.05,0.0,0.01,0.7,0.05,0.0,0.04081302313456126,1.0354217685592852e+149
0.0590909090909091,0.7,0.05,0.05,0.0590909090909091,0.7,0.05,0.05,1.0,4.225869259423844e+147
0.0590909090909091,0.7,0.05,0.1,0.0590909090909091,0.7,0.05,0.1,0.039737840061691856,1.063437079837078e+149
0.0590909090909091,0.7,0.05,0.15,0.0590909090909091,0.7,0.05,0.15,1.0,4.225869259423844e+147
0.0590909090909091,0.7,0.2,0.0,0.03181818181818182,0.7,0.2,0.0,0.12683230313700053,3.3318556510474974e+148
0.0590909090909091,0.7,0.2,0.05,0.0590909090909091,0.7,0.2,0.05,1.0,4.225869259423844e+147
0.0590909090909091,0.7,0.2,0.1,0.0590909090909091,0.7,0.2,0.1,1.0,4.225869259423844e+147
0.0590909090909091,0.7,0.2,0.15,0.0590909090909091,0.7,0.2,0.15,0.3758412252652487,1.1243761927503963e+148
0.0590909090909091,0.7,0.4,0.0,0.05363636363636364,0.7,0.4,0.0,0.047429676770080295,8.909757660608004e+148
0.0590909090909091,0.7,0.4,0.05,0.0590909090909091,0.7,0.4,0.05,1.0,4.225869259423844e+147
0.0590909090909091,0.7,0.4,0.1,0.0590909090909091,0.7,0.4,0.1,1.0,4.225869259423844e+147
0.0590909090909091,0.7,0.4,0.15,0.04818181818181819,0.7,0.4,0.15,0.038831542547357566,1.0882568608419623e+149
0.0590909090909091,0.7,0.6,0.0,0.04272727272727273,0.7,0.6,0.0,0.03866741383186022,1.0928761043599758e+149
0.0590909090909091,0.7,0.6,0.05,0.0590909090909091,0.7,0.6,0.05,0.9987068022519696,4.231341220361163e+147
0.0590909090909091,0.7,0.6,0.1,0.0590909090909091,0.7,0.6,0.1,0.03770287194393084,1.1208348440161988e+149
0.0590909090909091,0.7,0.6,0.15,0.0590909090909091,0.7,0.6,0.15,0.9993529827653694,4.228605239892504e+147
0.06454545454545454,0.1,0.05,0.0,0.03181818181818182,0.1,0.05,0.0,0.03596050055818326,1.1751419456985826e+149
0.06454545454545454,0.1,0.05,0.05,0.06454545454545454,0.1,0.05,0.05,0.038896009940575925,1.0864531518477065e+149
0.06454545454545454,0.1,0.05,0.1,0.06454545454545454,0.1,0.05,0.1,1.0,4.225869259423844e+147
0.06454545454545454,0.1,0.05,0.15,0.06454545454545454,0.1,0.05,0.15,0.06568670571574141,6.433370669723114e+148
0.06454545454545454,0.1,0.2,0.0,0.05363636363636364,0.1,0.2,0.0,0.040976291197225165,1.0312961802921812e+149
0.06454545454545454,0.1,0.2,0.05,0.06454545454545454,0.1,0.2,0.05,0.03907020613482839,1.081609153747662e+149
0.06454545454545454,0.1,0.2,0.1,0.06454545454545454,0.1,0.2,0.1,0.06315390266851405,6.691382607983607e+148
0.06454545454545454,0.1,0.2,0.15,0.04818181818181819,0.1,0.2,0.15,0.0379795431142487,1.1126698514281059e+149
0.06454545454545454,0.1,0.4,0.0,0.026363636363636367,0.1,0.2,0.0,0.03950813203294207,1.0696201116014025e+149
0.06454545454545454,0.1,0.4,0.05,0.06454545454545454,0.1,0.4,0.05,1.0,4.225869259423844e+147
0.06454545454545454,0.1,0.4,0.1,0.06454545454545454,0.1,0.4,0.1,0.04184866420494368,1.0097978847613092e+149
0.06454545454545454,0.1,0.4,0.15,0.06454545454545454,0.1,0.4,0.15,0.04035989371691299,1.047046676848154e+149
0.06454545454545454,0.1,0.6,0.0,0.06454545454545454,0.3,0.6,0.0,0.03673797840645422,1.1502726722386643e+149
0.06454545454545454,0.1,0.6,0.05,0.06454545454545454,0.1,0.6,0.05,1.0,4.225869259423844e+147
0.06454545454545454,0.1,0.6,0.1,0.06454545454545454,0.1,0.6,0.1,0.9993529827653694,4.228605239892504e+147
0.06454545454545454,0.1,0.6,0.15,0.04818181818181819,0.1,0.6,0.15,0.9980614568377804,4.234077200829823e+147
0.06454545454545454,0.3,0.05,0.0,0.05363636363636364,0.3,0.05,0.0,0.03891851930857012,1.085824778152153e+149
0.06454545454545454,0.3,0.05,0.05,0.06454545454545454,0.3,0.05,0.05,1.0,4.225869259423844e+147
0.06454545454545454,0.3,0.05,0.1,0.06454545454545454,0.3,0.05,0.1,0.039537506459833914,1.0688254363529216e+149
0.06454545454545454,0.3,0.05,0.15,0.06454545454545454,0.3,0.05,0.15,1.0,4.225869259423844e+147
0.06454545454545454,0.3,0.2,0.0,0.05363636363636364,0.3,0.2,0.0,0.041474635288228985,1.0189045015238984e+149
0.06454545454545454,0.3,0.2,0.05,0.04818181818181819,0.3,0.2,0.05,1.0,4.225869259423844e+147
0.06454545454545454,0.3,0.2,0.1,0.06454545454545454,0.3,0.2,0.1,0.05442310241934955,7.764844471493014e+148
0.06454545454545454,0.3,0.2,0.15,0.06454545454545454,0.3,0.2,0.15,1.0,4.225869259423844e+147
0.06454545454545454,0.3,0.4,0.0,0.06454545454545454,0.3,0.4,0.05,0.03980536093098332,1.0616331972848792e+149
0.06454545454545454,0.3,0.4,0.05,0.06454545454545454,0.3,0.4,0.05,0.03727665567028259,1.133650319063563e+149
0.06454545454545454,0.3,0.4,0.1,0.06454545454545454,0.3,0.4,0.1,1.0,4.225869259423844e+147
0.06454545454545454,0.3,0.4,0.15,0.06454545454545454,0.3,0.4,0.15,1.0,4.225869259423844e+147
0.06454545454545454,0.3,0.6,0.0,0.06454545454545454,0.3,0.6,0.0,0.04031633126537585,1.048178027809061e+149
0.06454545454545454,0.3,0.6,0.05,0.06454545454545454,0.3,0.6,0.05,0.9987068022519696,4.231341220361163e+147
0.06454545454545454,0.3,0.6,0.1,0.06454545454545454,0.3,0.6,0.1,0.041819595190937,1.0104998004236205e+149
0.06454545454545454,0.3,0.6,0.15,0.06454545454545454,0.3,0.6,0.15,0.9996763866909906,4.227237249658174e+147
0.06454545454545454,0.5,0.05,0.0,0.03727272727272728,0.5,0.05,0.0,0.03973579103826504,1.063491917237633e+149
0.06454545454545454,0.5,0.05,0.05,0.06454545454545454,0.5,0.05,0.05,0.03943592442112336,1.0715785978026446e+149
0.06454545454545454,0.5,0.05,0.1,0.06454545454545454,0.5,0.05,0.1,0.07179314739159447,5.886173559676823e+148
0.06454545454545454,0.5,0.05,0.15,0.06454545454545454,0.5,0.05,0.15,1.0,4.225869259423844e+147
0.06454545454545454,0.5,0.2,0.0,0.06454545454545454,0.5,0.2,0.05,1.0,4.225869259423844e+147
0.06454545454545454,0.5,0.2,0.05,0.06454545454545454,0.5,0.2,0.05,1.0,4.225869259423844e+147
0.06454545454545454,0.5,0.2,0.1,0.06454545454545454,0.5,0.2,0.1,0.39935513757231245,1.0581732552917648e+148
0.06454545454545454,0.5,0.2,0.15,0.06454545454545454,0.5,0.2,0.15,1.0,4.225869259423844e+147
0.06454545454545454,0.5,0.4,0.0,0.04818181818181819,0.7,0.6,0.0,0.03929273323881557,1.0754836609964544e+149
0.06454545454545454,0.5,0.4,0.05,0.06454545454545454,0.5,0.4,0.05,1.0,4.225869259423844e+147
0.06454545454545454,0.5,0.4,0.1,0.06454545454545454,0.5,0.4,0.1,0.03869900395164575,1.0919839861263743e+149
0.06454545454545454,0.5,0.4,0.15,0.06454545454545454,0.5,0.4,0.15,1.0,4.225869259423844e+147
0.06454545454545454,0.5,0.6,0.0,0.03181818181818182,0.5,0.6,0.0,0.03941344980465551,1.0721896409394452e+149
0.06454545454545454,0.5,0.6,0.05,0.06454545454545454,0.5,0.6,0.05,0.9993529827653694,4.228605239892504e+147
0.06454545454545454,0.5,0.6,0.1,0.06454545454545454,0.3,0.6,0.1,1.0,4.225869259423844e+147
0.06454545454545454,0.5,0.6,0.15,0.06454545454545454,0.5,0.6,0.15,1.0,4.225869259423844e+147
0.06454545454545454,0.7,0.05,0.0,0.03181818181818182,0.7,0.05,0.0,0.039315825730574704,1.0748519663259968e+149
0.06454545454545454,0.7,0.05,0.05,0.06454545454545454,0.7,0.05,0.05,1.0,4.225869259423844e+147
0.06454545454545454,0.7,0.05,0.1,0.06454545454545454,0.7,0.05,0.1,0.040771567859743715,1.0364745535322681e+149
0.06454545454545454,0.7,0.05,0.15,0.06454545454545454,0.7,0.05,0.15,1.0,4.225869259423844e+147
0.06454545454545454,0.7,0.2,0.0,0.020909090909090912,0.7,0.2,0.0,0.7002113729740034,6.035133707519397e+147
0.06454545454545454,0.7,0.2,0.05,0.06454545454545454,0.7,0.2,0.05,1.0,4.225869259423844e+147
0.06454545454545454,0.7,0.2,0.1,0.06454545454545454,0.7,0.2,0.1,1.0,4.225869259423844e+147
0.06454545454545454,0.7,0.2,0.15,0.06454545454545454,0.7,0.2,0.15,1.0,4.225869259423844e+147
0.06454545454545454,0.7,0.4,0.0,0.06454545454545454,0.7,0.4,0.0,0.086654180718136,4.876705571967175e+148
0.06454545454545454,0.7,0.4,0.05,0.06454545454545454,0.7,0.4,0.05,1.0,4.225869259423844e+147
0.06454545454545454,0.7,0.4,0.1,0.06454545454545454,0.7,0.4,0.1,1.0,4.225869259423844e+147
0.06454545454545454,0.7,0.4,0.15,0.06454545454545454,0.7,0.4,0.15,1.0,4.225869259423844e+147
0.06454545454545454,0.7,0.6,0.0,0.04818181818181819,0.7,0.6,0.05,0.9950657356469971,4.2468242127502876e+147
0.06454545454545454,0.7,0.6,0.05,0.06454545454545454,0.7,0.6,0.05,0.06497119538838537,6.50421965328236e+148
0.06454545454545454,0.7,0.6,0.1,0.04818181818181819,0.7,0.6,0.1,0.9921892927438399,4.259136124859256e+147
0.06454545454545454,0.7,0.6,0.15,0.06454545454545454,0.7,0.6,0.15,1.0,4.225869259423844e+147
0.07,0.1,0.05,0.0,0.03727272727272728,0.1,0.05,0.0,0.035591659260982865,1.1873201045325884e+149
0.07,0.1,0.05,0.05,0.07,0.1,0.05,0.05,0.059069297021095986,7.15408760987052e+148
0.07,0.1,0.05,0.1,0.07,0.1,0.05,0.1,0.040351260937520644,1.0472706828089272e+149
0.07,0.1,0.05,0.15,0.07,0.1,0.05,0.15,1.0,4.225869259423844e+147
0.07,0.1,0.2,0.0,0.07,0.1,0.2,0.05,1.0,4.225869259423844e+147
0.07,0.1,0.2,0.05,0.07,0.1,0.2,0.05,0.0392568028573269,1.0764680136541294e+149
0.07,0.1,0.2,0.1,0.07,0.1,0.2,0.1,1.0,4.225869259423844e+147
0.07,0.1,0.2,0.15,0.07,0.1,0.2,0.15,1.0,4.225869259423844e+147
0.07,0.1,0.4,0.0,0.07,0.1,0.4,0.05,1.0,4.225869259423844e+147
0.07,0.1,0.4,0.05,0.07,0.1,0.4,0.05,1.0,4.225869259423844e+147
0.07,0.1,0.4,0.1,0.07,0.1,0.4,0.1,1.0,4.225869259423844e+147
0.07,0.1,0.4,0.15,0.07,0.1,0.4,0.15,1.0,4.225869259423844e+147
0.07,0.1,0.6,0.0,0.0590909090909091,0.1,0.6,0.0,0.11949344357028457,3.536486298462258e+148
0.07,0.1,0.6,0.05,0.07,0.1,0.6,0.05,0.9996763866909906,4.227237249658174e+147
0.07,0.1,0.6,0.1,0.07,0.1,0.6,0.1,1.0,4.225869259423844e+147
0.07,0.1,0.6,0.15,0.06454545454545454,0.1,0.6,0.15,0.03781755415833555,1.11743589808343e+149
0.07,0.3,0.05,0.0,0.015454545454545455,0.3,0.05,0.05,0.03872894984612126,1.0911396452044693e+149
0.07,0.3,0.05,0.05,0.07,0.3,0.05,0.05,1.0,4.225869259423844e+147
0.07,0.3,0.05,0.1,0.07,0.3,0.05,0.1,1.0,4.225869259423844e+147
0.07,0.3,0.05,0.15,0.07,0.3,0.05,0.15,1.0,4.225869259423844e+147
0.07,0.3,0.2,0.0,0.07,0.3,0.2,0.0,0.038109502483872716,1.1088754730430184e+149
0.07,0.3,0.2,0.05,0.07,0.3,0.2,0.05,1.0,4.225869259423844e+147
0.07,0.3,0.2,0.1,0.07,0.3,0.2,0.1,0.03843976413694825,1.0993483842326556e+149
0.07,0.3,0.2,0.15,0.07,0.3,0.2,0.15,1.0,4.225869259423844e+147
0.07,0.3,0.4,0.0,0.03727272727272728,0.3,0.4,0.05,1.0,4.225869259423844e+147
0.07,0.3,0.4,0.05,0.07,0.3,0.4,0.05,1.0,4.225869259423844e+147
0.07,0.3,0.4,0.1,0.07,0.3,0.4,0.1,1.0,4.225869259423844e+147
0.07,0.3,0.4,0.15,0.07,0.5,0.4,0.15,0.038949813536420935,1.0849523722295478e+149
0.07,0.3,0.6,0.0,0.0590909090909091,0.3,0.6,0.05,0.9996763866909906,4.227237249658174e+147
0.07,0.3,0.6,0.05,0.07,0.3,0.6,0.05,0.9653835040600844,4.377399491136147e+147
0.07,0.3,0.6,0.1,0.07,0.3,0.6,0.1,0.9996763866909906,4.227237249658174e+147
0.07,0.3,0.6,0.15,0.07,0.3,0.6,0.15,0.9996763866909906,4.227237249658174e+147
0.07,0.5,0.05,0.0,0.07,0.5,0.05,0.0,0.15540514445088782,2.719259567857698e+148
0.07,0.5,0.05,0.05,0.07,0.5,0.05,0.05,1.0,4.225869259423844e+147
0.07,0.5,0.05,0.1,0.07,0.5,0.05,0.1,0.03888129311551147,1.0868643815084322e+149
0.07,0.5,0.05,0.15,0.07,0.5,0.05,0.15,1.0,4.225869259423844e+147
0.07,0.5,0.2,0.0,0.05363636363636364,0.3,0.05,0.0,0.11570587199932272,3.652251339023295e+148
0.07,0.5,0.2,0.05,0.07,0.5,0.2,0.05,0.03908539578013518,1.0811888110831428e+149
0.07,0.5,0.2,0.1,0.07,0.5,0.2,0.1,0.0671048562279886,6.297411986200317e+148
0.07,0.5,0.2,0.15,0.07,0.5,0.2,0.15,1.0,4.225869259423844e+147
0.07,0.5,0.4,0.0,0.07,0.3,0.4,0.05,0.9996763866909906,4.227237249658174e+147
0.07,0.5,0.4,0.05,0.07,0.5,0.4,0.05,1.0,4.225869259423844e+147
0.07,0.5,0.4,0.1,0.07,0.5,0.4,0.1,1.0,4.225869259423844e+147
0.07,0.5,0.4,0.15,0.07,0.5,0.4,0.15,0.03945754629127869,1.070991396228277e+149
0.07,0.5,0.6,0.0,0.020909090909090912,0.5,0.4,0.05,0.9945269123708106,4.2491250934074505e+147
0.07,0.5,0.6,0.05,0.07,0.5,0.6,0.05,0.05697711537392903,7.416783443125083e+148
0.07,0.5,0.6,0.1,0.03727272727272728,0.5,0.6,0.1,0.042733090406530186,9.888985840298775e+148
0.07,0.5,0.6,0.15,0.07,0.5,0.6,0.15,0.9993529827653694,4.228605239892504e+147
0.07,0.7,0.05,0.0,0.07,0.7,0.05,0.0,0.03664003756060981,1.1533474146781174e+149
0.07,0.7,0.05,0.05,0.07,0.7,0.05,0.05,0.04258129676597808,9.924238058433817e+148
0.07,0.7,0.05,0.1,0.07,0.7,0.05,0.1,1.0,4.225869259423844e+147
0.07,0.7,0.05,0.15,0.07,0.7,0.05,0.15,0.039745295463744106,1.0632376008573662e+149
0.07,0.7,0.2,0.0,0.07,0.7,0.2,0.05,1.0,4.225869259423844e+147
0.07,0.7,0.2,0.05,0.07,0.7,0.2,0.05,1.0,4.225869259423844e+147
0.07,0.7,0.2,0.1,0.05363636363636364,0.7,0.2,0.1,1.0,4.225869259423844e+147
0.07,0.7,0.2,0.15,0.07,0.7,0.2,0.15,1.0,4.225869259423844e+147
0.07,0.7,0.4,0.0,0.07,0.7,0.4,0.05,1.0,4.225869259423844e+147
0.07,0.7,0.4,0.05,0.0590909090909091,0.7,0.4,0.05,0.9996763866909906,4.227237249658174e+147
0.07,0.7,0.4,0.1,0.07,0.7,0.4,0.1,0.9990297880199903,4.2299732301268334e+147
0.07,0.7,0.4,0.15,0.07,0.7,0.4,0.15,1.0,4.225869259423844e+147
0.07,0.7,0.6,0.0,0.03181818181818182,0.5,0.6,0.05,0.9932478224015152,4.2545970543447704e+147
0.07,0.7,0.6,0.05,0.07,0.7,0.6,0.05,0.9993529827653694,4.228605239892504e+147
0.07,0.7,0.6,0.1,0.07,0.7,0.6,0.1,1.0,4.225869259423844e+147
0.07,0.7,0.6,0.15,0.07,0.7,0.6,0.15,0.0609338844914498,6.935171283913165e+148
